pl_name,pl_type
HD 129445 b,gas giant
HD 130322 b,gas giant
HD 131496 b,gas giant
HD 131664 b,gas giant
HD 13167 b,gas giant
HD 13189 b,gas giant
HD 132406 b,gas giant
HD 132563 b,gas giant
HD 133131 A b,gas giant
HD 133131 A c,gas giant
HD 133131 B b,gas giant
HD 134987 b,gas giant
HD 134987 c,gas giant
HD 136418 b,gas giant
HD 136925 b,gas giant
HD 137388 b,gas giant
HD 137496 c,gas giant
HD 13908 b,gas giant
HD 13908 c,gas giant
HD 13931 b,gas giant
HD 139357 b,gas giant
HD 1397 b,gas giant
HD 14067 b,gas giant
HD 141399 b,gas giant
HD 141399 c,gas giant
HD 141399 d,gas giant
HD 141399 e,gas giant
HD 141937 b,gas giant
HD 142022 A b,gas giant
HD 142245 b,gas giant
HD 142415 b,gas giant
HD 143105 b,gas giant
HD 143361 b,gas giant
HD 145377 b,gas giant
HD 145457 b,gas giant
HD 145675 c,gas giant
HD 145934 b,gas giant
HD 147018 b,gas giant
HD 147018 c,gas giant
HD 147513 b,gas giant
HD 147873 b,gas giant
HD 147873 c,gas giant
HD 14787 b,gas giant
HD 148156 b,gas giant
HD 148164 b,gas giant
HD 148164 c,gas giant
HD 148427 b,gas giant
HD 107148 b,gas giant
HD 108147 b,gas giant
HD 108341 b,gas giant
HD 108863 b,gas giant
HD 108874 b,gas giant
HD 108874 c,gas giant
HD 109246 b,gas giant
HD 109286 b,gas giant
HD 109749 b,gas giant
HD 110014 b,gas giant
HD 111232 b,gas giant
HD 111591 b,gas giant
HD 111998 b,gas giant
HD 112640 b,gas giant
HD 113337 b,gas giant
HD 113538 b,gas giant
HD 113538 c,gas giant
HD 113996 b,gas giant
HD 114386 b,gas giant
HD 114613 b,gas giant
HD 114729 b,gas giant
HD 114762 b,gas giant
HD 114783 b,gas giant
HD 114783 c,gas giant
HD 11506 b,gas giant
HD 11506 c,gas giant
HD 115954 b,gas giant
HD 116029 b,gas giant
HD 116029 c,gas giant
HD 117207 b,gas giant
HD 11755 b,gas giant
HD 117618 b,gas giant
HD 118203 b,gas giant
HD 11964 b,gas giant
HD 11977 b,gas giant
HD 120084 b,gas giant
HD 121504 b,gas giant
HD 124330 b,gas giant
HD 12484 b,gas giant
HD 125390 b,gas giant
HD 125612 b,gas giant
HD 125612 d,gas giant
HD 12648 b,gas giant
HD 126525 b,gas giant
HD 126614 b,gas giant
HD 12661 b,gas giant
HD 12661 c,gas giant
HD 128311 b,gas giant
HD 128311 c,gas giant
HD 171238 b,gas giant
HD 17156 b,gas giant
HD 173416 b,gas giant
HD 175167 b,gas giant
HD 175541 b,gas giant
HD 17674 b,gas giant
HD 177830 b,gas giant
HD 177830 c,gas giant
HD 178911 B b,gas giant
HD 179949 b,gas giant
HD 180053 b,gas giant
HD 18015 b,gas giant
HD 180314 b,gas giant
HD 180902 b,gas giant
HD 181234 b,gas giant
HD 181342 b,gas giant
HD 181433 c,gas giant
HD 181433 d,gas giant
HD 181720 b,gas giant
HD 183263 b,gas giant
HD 183263 c,gas giant
HD 185269 b,gas giant
HD 187085 b,gas giant
HD 187123 b,gas giant
HD 187123 c,gas giant
HD 18742 b,gas giant
HD 188015 b,gas giant
HD 189733 b,gas giant
HD 190360 b,gas giant
HD 190647 b,gas giant
HD 190984 b,gas giant
HD 191806 b,gas giant
HD 192263 b,gas giant
HD 192699 b,gas giant
HD 195019 b,gas giant
HD 196050 b,gas giant
HD 196067 b,gas giant
HD 196885 A b,gas giant
HD 197037 b,gas giant
HD 19994 b,gas giant
HD 200964 b,gas giant
HD 200964 c,gas giant
HD 202206 c,gas giant
HD 202696 b,gas giant
HD 202696 c,gas giant
HD 202772 A b,gas giant
HD 203030 b,gas giant
HD 203473 b,gas giant
HD 2039 b,gas giant
HAT-P-19 b,gas giant
HAT-P-1 b,gas giant
HAT-P-20 b,gas giant
HAT-P-21 b,gas giant
HAT-P-22 b,gas giant
HAT-P-23 b,gas giant
HAT-P-24 b,gas giant
HAT-P-25 b,gas giant
HAT-P-27 b,gas giant
HAT-P-28 b,gas giant
HAT-P-29 b,gas giant
HAT-P-2 b,gas giant
HAT-P-30 b,gas giant
HAT-P-31 b,gas giant
HAT-P-32 b,gas giant
HAT-P-33 b,gas giant
HAT-P-34 b,gas giant
HAT-P-35 b,gas giant
HAT-P-36 b,gas giant
HAT-P-37 b,gas giant
HAT-P-38 b,gas giant
HAT-P-39 b,gas giant
HAT-P-3 b,gas giant
HAT-P-40 b,gas giant
HAT-P-41 b,gas giant
HAT-P-42 b,gas giant
HAT-P-43 b,gas giant
HAT-P-44 b,gas giant
HAT-P-44 c,gas giant
HAT-P-45 b,gas giant
HAT-P-46 b,gas giant
HAT-P-49 b,gas giant
HAT-P-50 b,gas giant
HAT-P-51 b,gas giant
HAT-P-52 b,gas giant
HAT-P-53 b,gas giant
HAT-P-54 b,gas giant
HAT-P-55 b,gas giant
HAT-P-56 b,gas giant
HAT-P-57 b,gas giant
HAT-P-58 b,gas giant
HAT-P-59 b,gas giant
HAT-P-5 b,gas giant
HAT-P-60 b,gas giant
HAT-P-61 b,gas giant
HAT-P-62 b,gas giant
HAT-P-63 b,gas giant
HAT-P-64 b,gas giant
HD 204941 b,gas giant
HD 205739 b,gas giant
HD 206610 b,gas giant
HD 20782 b,gas giant
HD 207832 b,gas giant
HD 207832 c,gas giant
HD 208487 b,gas giant
HD 208527 b,gas giant
HD 20868 b,gas giant
HD 208897 b,gas giant
HD 209458 b,gas giant
HD 210193 b,gas giant
HD 210277 b,gas giant
HD 210702 b,gas giant
HD 211403 b,gas giant
HD 211810 b,gas giant
HD 212301 b,gas giant
HD 212771 b,gas giant
HD 213240 b,gas giant
HD 213472 b,gas giant
HD 21411 b,gas giant
HD 214823 b,gas giant
HD 215497 c,gas giant
HD 216435 b,gas giant
HD 216437 b,gas giant
HD 216536 b,gas giant
HD 216770 b,gas giant
HD 217107 b,gas giant
HD 217107 c,gas giant
HD 217786 b,gas giant
HD 217850 b,gas giant
HD 218566 b,gas giant
HD 219077 b,gas giant
HD 219134 h,gas giant
HD 219415 b,gas giant
HD 219828 c,gas giant
HD 220074 b,gas giant
HD 220197 b,gas giant
HD 220689 b,gas giant
HD 220773 b,gas giant
HD 220842 b,gas giant
HD 221287 b,gas giant
HD 221416 b,gas giant
HD 221420 b,gas giant
HD 221585 b,gas giant
HD 222076 b,gas giant
HD 222155 b,gas giant
HD 222582 b,gas giant
HD 224538 b,gas giant
BD+15 2940 b,gas giant
BD-17 63 b,gas giant
BD+20 2457 b,gas giant
BD+20 2457 c,gas giant
BD+20 274 b,gas giant
BD+45 564 b,gas giant
BD+48 738 b,gas giant
BD+48 740 b,gas giant
BD+49 828 b,gas giant
BD+55 362 b,gas giant
BD+63 1405 b,gas giant
bet Cnc b,gas giant
bet Pic b,gas giant
bet Pic c,gas giant
bet UMi b,gas giant
CFBDSIR J145829+101343 b,gas giant
CFHTWIR-Oph 98 b,gas giant
CHXR 73 b,gas giant
CI Tau b,gas giant
COCONUTS-2 b,gas giant
CoRoT-10 b,gas giant
CoRoT-11 b,gas giant
CoRoT-12 b,gas giant
CoRoT-13 b,gas giant
CoRoT-14 b,gas giant
CoRoT-16 b,gas giant
CoRoT-17 b,gas giant
CoRoT-18 b,gas giant
CoRoT-19 b,gas giant
CoRoT-1 b,gas giant
CoRoT-20 b,gas giant
CoRoT-20 c,gas giant
CoRoT-21 b,gas giant
CoRoT-23 b,gas giant
CoRoT-25 b,gas giant
CoRoT-26 b,gas giant
CoRoT-27 b,gas giant
CoRoT-28 b,gas giant
CoRoT-29 b,gas giant
CoRoT-2 b,gas giant
CoRoT-30 b,gas giant
CoRoT-31 b,gas giant
CoRoT-3 b,gas giant
CoRoT-4 b,gas giant
CoRoT-5 b,gas giant
CoRoT-6 b,gas giant
CoRoT-8 b,gas giant
CoRoT-9 b,gas giant
CoRoTID 223977153 b,gas giant
HD 149143 b,gas giant
HD 1502 b,gas giant
HD 150706 b,gas giant
HD 152079 b,gas giant
HD 152581 b,gas giant
HD 153950 b,gas giant
HD 154345 b,gas giant
HD 154672 b,gas giant
HD 154857 b,gas giant
HD 154857 c,gas giant
HD 155193 b,gas giant
HD 155233 b,gas giant
HD 155358 b,gas giant
HD 155358 c,gas giant
HD 156279 b,gas giant
HD 156279 c,gas giant
HD 156411 b,gas giant
HD 156846 b,gas giant
HD 158038 b,gas giant
HD 158996 b,gas giant
HD 159243 b,gas giant
HD 159243 c,gas giant
HD 159868 b,gas giant
HD 159868 c,gas giant
HD 1605 b,gas giant
HD 1605 c,gas giant
HD 160691 b,gas giant
HD 160691 c,gas giant
HD 160691 e,gas giant
HD 16141 b,gas giant
HD 16175 b,gas giant
HD 162020 b,gas giant
HD 163607 b,gas giant
HD 163607 c,gas giant
HD 164509 b,gas giant
HD 164604 b,gas giant
HD 164922 b,gas giant
HD 165155 b,gas giant
HD 1666 b,gas giant
HD 166724 b,gas giant
HD 167042 b,gas giant
HD 168443 b,gas giant
HD 168443 c,gas giant
HD 168746 b,gas giant
HD 1690 b,gas giant
HD 169830 b,gas giant
HD 169830 c,gas giant
HD 170469 b,gas giant
HD 17092 b,gas giant
HAT-P-66 b,gas giant
HAT-P-67 b,gas giant
HAT-P-68 b,gas giant
HAT-P-69 b,gas giant
HAT-P-6 b,gas giant
HAT-P-70 b,gas giant
HAT-P-7 b,gas giant
HAT-P-8 b,gas giant
HAT-P-9 b,gas giant
HATS-10 b,gas giant
HATS-11 b,gas giant
HATS-12 b,gas giant
HATS-13 b,gas giant
HATS-14 b,gas giant
HATS-15 b,gas giant
HATS-16 b,gas giant
HATS-17 b,gas giant
HATS-18 b,gas giant
HATS-22 b,gas giant
HATS-23 b,gas giant
HATS-24 b,gas giant
HATS-25 b,gas giant
HATS-26 b,gas giant
HATS-27 b,gas giant
HATS-28 b,gas giant
HATS-29 b,gas giant
HATS-30 b,gas giant
HATS-31 b,gas giant
HATS-32 b,gas giant
HATS-33 b,gas giant
HATS-34 b,gas giant
HATS-35 b,gas giant
HATS-36 b,gas giant
HATS-39 b,gas giant
HATS-40 b,gas giant
HATS-41 b,gas giant
HATS-42 b,gas giant
HATS-43 b,gas giant
HATS-44 b,gas giant
HATS-45 b,gas giant
HATS-46 b,gas giant
HATS-47 b,gas giant
HATS-48 A b,gas giant
HATS-49 b,gas giant
HATS-50 b,gas giant
HD 5583 b,gas giant
HD 5608 b,gas giant
HD 5891 b,gas giant
HD 59686 A b,gas giant
HD 60292 b,gas giant
HD 60532 b,gas giant
HD 60532 c,gas giant
HD 62509 b,gas giant
HD 63454 b,gas giant
HD 63765 b,gas giant
HD 6434 b,gas giant
HD 65216 b,gas giant
HD 65216 c,gas giant
HD 66141 b,gas giant
HD 66428 b,gas giant
HD 66428 c,gas giant
HD 67087 b,gas giant
HD 67087 c,gas giant
HD 6718 b,gas giant
HD 68402 b,gas giant
HD 68988 b,gas giant
HD 68988 c,gas giant
HD 70573 b,gas giant
HD 70642 b,gas giant
HD 7199 b,gas giant
HD 72490 b,gas giant
HD 72659 b,gas giant
HD 72892 b,gas giant
HD 73267 b,gas giant
HD 73526 b,gas giant
HD 73526 c,gas giant
HD 73534 b,gas giant
HD 74156 b,gas giant
HD 74156 c,gas giant
HD 7449 b,gas giant
HD 75289 b,gas giant
HD 75784 b,gas giant
HD 75784 c,gas giant
HD 75898 b,gas giant
HD 76700 b,gas giant
HD 76920 b,gas giant
HD 79498 b,gas giant
HD 80606 b,gas giant
HD 80869 b,gas giant
HD 81040 b,gas giant
HD 81688 b,gas giant
HD 81817 b,gas giant
HD 82886 b,gas giant
HATS-52 b,gas giant
HATS-53 b,gas giant
HATS-54 b,gas giant
HATS-55 b,gas giant
HATS-56 b,gas giant
HATS-57 b,gas giant
HATS-58 A b,gas giant
HATS-59 b,gas giant
HATS-59 c,gas giant
HATS-60 b,gas giant
HATS-61 b,gas giant
HATS-62 b,gas giant
HATS-63 b,gas giant
HATS-64 b,gas giant
HATS-65 b,gas giant
HATS-66 b,gas giant
HATS-67 b,gas giant
HATS-68 b,gas giant
HATS-69 b,gas giant
HATS-70 b,gas giant
HATS-71 b,gas giant
HATS-72 b,gas giant
HD 100546 b,gas giant
HD 100655 b,gas giant
HD 100777 b,gas giant
HD 10180 h,gas giant
HD 101930 b,gas giant
HD 102117 b,gas giant
HD 102195 b,gas giant
HD 102272 b,gas giant
HD 102329 b,gas giant
HD 102329 c,gas giant
HD 102843 b,gas giant
HD 102956 b,gas giant
HD 103720 b,gas giant
HD 103774 b,gas giant
HD 104067 b,gas giant
HD 10442 b,gas giant
HD 104985 b,gas giant
HD 106252 b,gas giant
HD 106270 b,gas giant
HD 10647 b,gas giant
HD 106515 A b,gas giant
HD 106906 b,gas giant
11 UMi b,gas giant
14 And b,gas giant
14 Her b,gas giant
16 Cyg B b,gas giant
17 Sco b,gas giant
18 Del b,gas giant
1RXS J160929.1-210524 b,gas giant
24 Boo b,gas giant
24 Sex b,gas giant
24 Sex c,gas giant
2MASS J01033563-5515561 AB b,gas giant
2MASS J01225093-2439505 b,gas giant
2MASS J02192210-3925225 b,gas giant
2MASS J04414489+2301513 b,gas giant
2MASS J12073346-3932539 b,gas giant
2MASS J19383260+4603591 b,gas giant
2MASS J21402931+1625183 A b,gas giant
2MASS J22362452+4751425 b,gas giant
30 Ari B b,gas giant
42 Dra b,gas giant
47 UMa b,gas giant
47 UMa c,gas giant
47 UMa d,gas giant
4 UMa b,gas giant
51 Eri b,gas giant
51 Peg b,gas giant
55 Cnc b,gas giant
55 Cnc c,gas giant
55 Cnc d,gas giant
55 Cnc f,gas giant
6 Lyn b,gas giant
70 Vir b,gas giant
75 Cet b,gas giant
7 CMa b,gas giant
7 CMa c,gas giant
81 Cet b,gas giant
8 UMi b,gas giant
91 Aqr b,gas giant
AB Pic b,gas giant
alf Ari b,gas giant
alf Tau b,gas giant
BD-00 4475 b,gas giant
BD+03 2562 b,gas giant
BD-06 1339 c,gas giant
BD-08 2823 c,gas giant
BD-10 3166 b,gas giant
BD-11 4672 b,gas giant
BD-13 2130 b,gas giant
BD+14 4559 b,gas giant
DE CVn b,gas giant
DENIS-P J082303.1-491201 b,gas giant
DH Tau b,gas giant
DP Leo b,gas giant
EPIC 246851721 b,gas giant
EPIC 248847494 b,gas giant
eps CrB b,gas giant
eps Eri b,gas giant
eps Ind A b,gas giant
eps Tau b,gas giant
FU Tau b,gas giant
gam 1 Leo b,gas giant
gam Cep b,gas giant
gam Lib b,gas giant
gam Lib c,gas giant
GJ 1148 b,gas giant
GJ 1148 c,gas giant
GJ 3021 b,gas giant
GJ 3512 b,gas giant
GJ 414 A c,gas giant
GJ 676 A b,gas giant
GJ 676 A c,gas giant
GJ 9066 c,gas giant
GQ Lup b,gas giant
GSC 06214-00210 b,gas giant
GU Pis b,gas giant
HAT-P-11 c,gas giant
HAT-P-12 b,gas giant
HAT-P-13 b,gas giant
HAT-P-13 c,gas giant
HAT-P-14 b,gas giant
HAT-P-15 b,gas giant
HAT-P-16 b,gas giant
HAT-P-17 b,gas giant
HAT-P-17 c,gas giant
HD 22781 b,gas giant
HD 23079 b,gas giant
HD 23127 b,gas giant
HD 231701 b,gas giant
HD 233604 b,gas giant
HD 233832 b,gas giant
HD 23596 b,gas giant
HD 238914 b,gas giant
HD 240210 b,gas giant
HD 240237 b,gas giant
HD 24040 b,gas giant
HD 24040 c,gas giant
HD 24064 b,gas giant
HD 25015 b,gas giant
HD 25171 b,gas giant
HD 25723 b,gas giant
HD 26161 b,gas giant
HD 2638 b,gas giant
HD 2685 b,gas giant
HD 27442 b,gas giant
HD 27631 b,gas giant
HD 27894 b,gas giant
HD 27894 c,gas giant
HD 27894 d,gas giant
HD 27969 b,gas giant
HD 28185 b,gas giant
HD 28254 b,gas giant
HD 285507 b,gas giant
HD 28678 b,gas giant
HD 29021 b,gas giant
HD 290327 b,gas giant
HD 29399 b,gas giant
HD 2952 b,gas giant
HD 30177 b,gas giant
HD 30177 c,gas giant
HD 30562 b,gas giant
HD 30669 b,gas giant
HD 30856 b,gas giant
HD 31253 b,gas giant
HD 32518 b,gas giant
HD 32963 b,gas giant
HD 330075 b,gas giant
HD 331093 b,gas giant
HD 33142 b,gas giant
HD 33142 c,gas giant
HD 332231 b,gas giant
HD 33283 b,gas giant
HD 33564 b,gas giant
HD 33844 b,gas giant
HD 34445 b,gas giant
HD 34445 c,gas giant
HD 34445 g,gas giant
HD 35759 b,gas giant
HD 3651 b,gas giant
HD 37124 b,gas giant
HD 37124 c,gas giant
HD 37124 d,gas giant
HD 37605 b,gas giant
HD 37605 c,gas giant
HD 3765 b,gas giant
HD 38283 b,gas giant
HD 38529 b,gas giant
HD 38529 c,gas giant
HD 38801 b,gas giant
HD 39091 b,gas giant
HD 40956 b,gas giant
HD 40979 b,gas giant
HD 41004 A b,gas giant
HD 41004 B b,gas giant
HD 4113 b,gas giant
HD 42012 b,gas giant
HD 4203 b,gas giant
HD 4203 c,gas giant
HD 4208 b,gas giant
HD 4313 b,gas giant
HD 43197 b,gas giant
HD 43691 b,gas giant
HD 44219 b,gas giant
HD 45350 b,gas giant
HD 45364 b,gas giant
HD 45364 c,gas giant
HD 45652 b,gas giant
HD 46375 b,gas giant
HD 47186 c,gas giant
HD 4732 b,gas giant
HD 4732 c,gas giant
HD 47366 b,gas giant
HD 47366 c,gas giant
HD 47536 b,gas giant
HD 4760 b,gas giant
HD 48265 b,gas giant
HD 4917 b,gas giant
HD 50499 b,gas giant
HD 50499 c,gas giant
HD 50554 b,gas giant
HD 52265 b,gas giant
HD 5319 b,gas giant
HD 5319 c,gas giant
Kepler-1490 b,neptune-like
Kepler-1494 b,neptune-like
Kepler-1495 b,neptune-like
Kepler-1496 b,neptune-like
Kepler-149 b,neptune-like
Kepler-149 d,neptune-like
Kepler-1502 b,neptune-like
Kepler-1503 b,neptune-like
Kepler-1504 b,neptune-like
Kepler-150 c,neptune-like
Kepler-150 d,neptune-like
Kepler-150 e,neptune-like
Kepler-150 f,neptune-like
Kepler-1510 b,neptune-like
Kepler-1518 b,neptune-like
Kepler-151 b,neptune-like
Kepler-1520 b,neptune-like
Kepler-1521 b,neptune-like
Kepler-1524 b,neptune-like
Kepler-1526 b,neptune-like
Kepler-1527 b,neptune-like
Kepler-1529 b,neptune-like
Kepler-152 b,neptune-like
Kepler-152 c,neptune-like
Kepler-1533 b,neptune-like
Kepler-1535 b,neptune-like
Kepler-1536 b,neptune-like
Kepler-1538 b,neptune-like
Kepler-1539 b,neptune-like
Kepler-153 b,neptune-like
Kepler-153 c,neptune-like
Kepler-1540 b,neptune-like
Kepler-1543 b,neptune-like
Kepler-1545 b,neptune-like
Kepler-1546 b,neptune-like
Kepler-1548 b,neptune-like
Kepler-1549 b,neptune-like
Kepler-154 b,neptune-like
Kepler-154 c,neptune-like
Kepler-154 d,neptune-like
Kepler-1550 b,neptune-like
Kepler-1551 b,neptune-like
Kepler-1552 b,neptune-like
Kepler-1554 b,neptune-like
Kepler-155 c,neptune-like
Kepler-1562 b,neptune-like
Kepler-1567 b,neptune-like
Kepler-156 b,neptune-like
Kepler-156 c,neptune-like
Kepler-570 b,neptune-like
Kepler-571 b,neptune-like
Kepler-572 b,neptune-like
Kepler-573 b,neptune-like
Kepler-574 b,neptune-like
Kepler-575 b,neptune-like
Kepler-576 b,neptune-like
Kepler-577 b,neptune-like
Kepler-580 b,neptune-like
Kepler-581 b,neptune-like
Kepler-582 b,neptune-like
Kepler-583 b,neptune-like
Kepler-584 b,neptune-like
Kepler-585 b,neptune-like
Kepler-586 b,neptune-like
Kepler-587 b,neptune-like
Kepler-588 b,neptune-like
Kepler-589 b,neptune-like
Kepler-58 b,neptune-like
Kepler-58 d,neptune-like
Kepler-590 b,neptune-like
Kepler-591 b,neptune-like
Kepler-592 b,neptune-like
Kepler-593 b,neptune-like
Kepler-594 b,neptune-like
Kepler-595 b,neptune-like
Kepler-596 b,neptune-like
Kepler-597 b,neptune-like
Kepler-598 c,neptune-like
Kepler-599 b,neptune-like
Kepler-600 b,neptune-like
Kepler-603 b,neptune-like
Kepler-603 c,neptune-like
Kepler-604 b,neptune-like
Kepler-606 b,neptune-like
Kepler-608 b,neptune-like
Kepler-609 b,neptune-like
Kepler-60 d,neptune-like
Kepler-610 b,neptune-like
Kepler-610 c,neptune-like
Kepler-612 b,neptune-like
Kepler-613 b,neptune-like
Kepler-614 b,neptune-like
Kepler-616 b,neptune-like
Kepler-616 c,neptune-like
Kepler-618 b,neptune-like
Kepler-619 b,neptune-like
Kepler-61 b,neptune-like
Kepler-620 b,neptune-like
Kepler-261 b,neptune-like
Kepler-263 b,neptune-like
Kepler-263 c,neptune-like
Kepler-264 b,neptune-like
Kepler-264 c,neptune-like
Kepler-265 c,neptune-like
Kepler-265 d,neptune-like
Kepler-265 e,neptune-like
Kepler-266 b,neptune-like
Kepler-266 c,neptune-like
Kepler-267 c,neptune-like
Kepler-267 d,neptune-like
Kepler-268 b,neptune-like
Kepler-268 c,neptune-like
Kepler-269 b,neptune-like
Kepler-26 b,neptune-like
Kepler-26 c,neptune-like
Kepler-26 e,neptune-like
Kepler-272 d,neptune-like
Kepler-275 b,neptune-like
Kepler-275 c,neptune-like
Kepler-275 d,neptune-like
Kepler-276 b,neptune-like
Kepler-278 b,neptune-like
Kepler-278 c,neptune-like
Kepler-279 b,neptune-like
Kepler-279 d,neptune-like
Kepler-281 b,neptune-like
Kepler-281 c,neptune-like
Kepler-283 b,neptune-like
Kepler-284 b,neptune-like
Kepler-284 c,neptune-like
Kepler-287 b,neptune-like
Kepler-287 c,neptune-like
Kepler-288 c,neptune-like
Kepler-288 d,neptune-like
Kepler-289 d,neptune-like
Kepler-28 b,neptune-like
Kepler-28 c,neptune-like
Kepler-290 b,neptune-like
Kepler-290 c,neptune-like
Kepler-291 b,neptune-like
Kepler-292 d,neptune-like
Kepler-292 e,neptune-like
Kepler-292 f,neptune-like
Kepler-293 b,neptune-like
Kepler-293 c,neptune-like
Kepler-294 c,neptune-like
Kepler-296 c,neptune-like
Kepler-838 b,neptune-like
Kepler-839 b,neptune-like
Kepler-841 b,neptune-like
Kepler-843 b,neptune-like
Kepler-846 b,neptune-like
Kepler-84 e,neptune-like
Kepler-84 f,neptune-like
Kepler-852 b,neptune-like
Kepler-857 b,neptune-like
Kepler-858 b,neptune-like
Kepler-859 b,neptune-like
Kepler-860 b,neptune-like
Kepler-861 b,neptune-like
Kepler-862 b,neptune-like
Kepler-863 b,neptune-like
Kepler-864 b,neptune-like
Kepler-865 b,neptune-like
Kepler-867 b,neptune-like
Kepler-869 b,neptune-like
Kepler-870 b,neptune-like
Kepler-871 b,neptune-like
Kepler-873 b,neptune-like
Kepler-874 b,neptune-like
Kepler-875 b,neptune-like
Kepler-877 b,neptune-like
Kepler-879 b,neptune-like
Kepler-87 c,neptune-like
Kepler-880 b,neptune-like
Kepler-885 b,neptune-like
Kepler-891 b,neptune-like
Kepler-892 b,neptune-like
Kepler-893 b,neptune-like
Kepler-894 b,neptune-like
Kepler-896 b,neptune-like
Kepler-897 b,neptune-like
Kepler-899 b,neptune-like
Kepler-902 b,neptune-like
Kepler-903 c,neptune-like
Kepler-906 b,neptune-like
KOI-351 d,neptune-like
KOI-351 e,neptune-like
KOI-351 f,neptune-like
Kepler-911 b,neptune-like
Kepler-912 b,neptune-like
Kepler-919 b,neptune-like
Kepler-920 b,neptune-like
Kepler-920 c,neptune-like
Kepler-921 b,neptune-like
Kepler-924 b,neptune-like
Kapteyn c,neptune-like
Kepler-1000 b,neptune-like
Kepler-1001 b,neptune-like
Kepler-1004 b,neptune-like
Kepler-1009 b,neptune-like
Kepler-100 c,neptune-like
Kepler-1010 b,neptune-like
Kepler-1011 b,neptune-like
Kepler-1013 b,neptune-like
Kepler-1014 b,neptune-like
Kepler-1015 b,neptune-like
Kepler-1016 b,neptune-like
Kepler-1016 c,neptune-like
Kepler-1018 b,neptune-like
Kepler-1020 b,neptune-like
Kepler-1021 b,neptune-like
Kepler-1022 b,neptune-like
Kepler-1023 b,neptune-like
Kepler-133 c,neptune-like
Kepler-1341 b,neptune-like
Kepler-1345 b,neptune-like
Kepler-1350 b,neptune-like
Kepler-1354 b,neptune-like
Kepler-1359 b,neptune-like
Kepler-1360 b,neptune-like
Kepler-1362 b,neptune-like
Kepler-1364 b,neptune-like
Kepler-1369 b,neptune-like
Kepler-1374 b,neptune-like
Kepler-1378 b,neptune-like
Kepler-1381 b,neptune-like
Kepler-1388 b,neptune-like
Kepler-1388 c,neptune-like
Kepler-1388 d,neptune-like
Kepler-1388 e,neptune-like
Kepler-139 b,neptune-like
Kepler-139 c,neptune-like
Kepler-1403 b,neptune-like
Kepler-1405 b,neptune-like
Kepler-1407 b,neptune-like
Kepler-1411 b,neptune-like
Kepler-1419 b,neptune-like
Kepler-142 c,neptune-like
Kepler-142 d,neptune-like
Kepler-1432 b,neptune-like
Kepler-143 b,neptune-like
Kepler-143 c,neptune-like
Kepler-1442 b,neptune-like
Kepler-1444 b,neptune-like
Kepler-1447 b,neptune-like
Kepler-1451 b,neptune-like
Kepler-1452 b,neptune-like
Kepler-1453 b,neptune-like
Kepler-1455 b,neptune-like
Kepler-1458 b,neptune-like
Kepler-145 b,neptune-like
Kepler-1462 b,neptune-like
Kepler-1467 b,neptune-like
Kepler-1469 b,neptune-like
Kepler-146 b,neptune-like
Kepler-146 c,neptune-like
Kepler-1474 b,neptune-like
Kepler-1475 b,neptune-like
Kepler-147 c,neptune-like
Kepler-1484 b,neptune-like
Kepler-1486 b,neptune-like
Kepler-1487 b,neptune-like
HD 108236 e,neptune-like
HD 109271 b,neptune-like
HD 109271 c,neptune-like
HD 110082 b,neptune-like
HD 110113 b,neptune-like
HD 110113 c,neptune-like
HD 11964 c,neptune-like
HD 125595 b,neptune-like
HD 125612 c,neptune-like
HD 134060 b,neptune-like
HD 134060 c,neptune-like
HD 136352 c,neptune-like
HD 136352 d,neptune-like
HD 13808 b,neptune-like
HD 13808 c,neptune-like
HD 141004 b,neptune-like
HD 1461 b,neptune-like
HD 1461 c,neptune-like
HD 147379 b,neptune-like
HD 152843 b,neptune-like
HD 152843 c,neptune-like
HD 154088 b,neptune-like
HD 156668 c,neptune-like
HD 158259 c,neptune-like
HD 158259 d,neptune-like
HD 158259 e,neptune-like
HD 158259 f,neptune-like
HD 160691 d,neptune-like
HD 16417 b,neptune-like
HD 164595 b,neptune-like
HD 164922 c,neptune-like
HD 164922 e,neptune-like
HD 168009 b,neptune-like
HD 175607 b,neptune-like
HD 176986 b,neptune-like
HD 176986 c,neptune-like
HD 177565 b,neptune-like
HD 179079 b,neptune-like
HD 180617 b,neptune-like
HD 181433 b,neptune-like
HD 183579 b,neptune-like
HD 189567 b,neptune-like
HD 189567 c,neptune-like
HD 190007 b,neptune-like
HD 190360 c,neptune-like
HD 191939 b,neptune-like
HD 191939 c,neptune-like
HD 191939 d,neptune-like
HD 192310 b,neptune-like
Kepler-298 d,neptune-like
Kepler-299 c,neptune-like
Kepler-29 b,neptune-like
Kepler-29 c,neptune-like
Kepler-300 c,neptune-like
Kepler-302 b,neptune-like
Kepler-304 b,neptune-like
Kepler-304 c,neptune-like
Kepler-304 d,neptune-like
Kepler-305 b,neptune-like
Kepler-305 c,neptune-like
Kepler-305 d,neptune-like
Kepler-306 c,neptune-like
Kepler-306 d,neptune-like
Kepler-306 e,neptune-like
Kepler-307 b,neptune-like
Kepler-307 c,neptune-like
Kepler-308 b,neptune-like
Kepler-308 c,neptune-like
Kepler-309 c,neptune-like
Kepler-30 b,neptune-like
Kepler-30 d,neptune-like
Kepler-310 c,neptune-like
Kepler-312 c,neptune-like
Kepler-313 b,neptune-like
Kepler-313 c,neptune-like
Kepler-314 c,neptune-like
Kepler-315 b,neptune-like
Kepler-315 c,neptune-like
Kepler-318 b,neptune-like
Kepler-318 c,neptune-like
Kepler-319 c,neptune-like
Kepler-319 d,neptune-like
Kepler-31 b,neptune-like
Kepler-321 c,neptune-like
Kepler-324 c,neptune-like
Kepler-325 b,neptune-like
Kepler-325 c,neptune-like
Kepler-325 d,neptune-like
Kepler-32 c,neptune-like
Kepler-32 d,neptune-like
Kepler-335 b,neptune-like
Kepler-335 c,neptune-like
Kepler-336 c,neptune-like
Kepler-336 d,neptune-like
Kepler-338 c,neptune-like
Kepler-338 d,neptune-like
Kepler-33 d,neptune-like
Kepler-33 e,neptune-like
Kepler-512 b,neptune-like
Kepler-513 b,neptune-like
Kepler-516 b,neptune-like
Kepler-517 b,neptune-like
Kepler-518 b,neptune-like
Kepler-519 b,neptune-like
Kepler-51 b,neptune-like
Kepler-51 c,neptune-like
Kepler-51 d,neptune-like
Kepler-521 b,neptune-like
Kepler-525 b,neptune-like
Kepler-527 b,neptune-like
Kepler-52 b,neptune-like
Kepler-530 b,neptune-like
Kepler-531 b,neptune-like
Kepler-532 b,neptune-like
Kepler-533 b,neptune-like
Kepler-534 b,neptune-like
Kepler-535 b,neptune-like
Kepler-536 b,neptune-like
Kepler-53 c,neptune-like
Kepler-53 d,neptune-like
Kepler-540 b,neptune-like
Kepler-541 b,neptune-like
Kepler-543 b,neptune-like
Kepler-544 b,neptune-like
Kepler-545 b,neptune-like
Kepler-547 b,neptune-like
Kepler-549 b,neptune-like
Kepler-549 c,neptune-like
Kepler-550 b,neptune-like
Kepler-551 b,neptune-like
Kepler-552 b,neptune-like
Kepler-553 b,neptune-like
Kepler-554 b,neptune-like
Kepler-555 b,neptune-like
Kepler-556 b,neptune-like
Kepler-557 b,neptune-like
Kepler-558 b,neptune-like
Kepler-559 b,neptune-like
Kepler-561 c,neptune-like
Kepler-562 b,neptune-like
Kepler-563 b,neptune-like
Kepler-564 b,neptune-like
Kepler-565 b,neptune-like
Kepler-566 b,neptune-like
Kepler-567 b,neptune-like
Kepler-568 b,neptune-like
Kepler-569 b,neptune-like
Kepler-436 c,neptune-like
Kepler-437 b,neptune-like
Kepler-439 b,neptune-like
Kepler-443 b,neptune-like
Kepler-445 c,neptune-like
Kepler-449 c,neptune-like
Kepler-450 b,neptune-like
Kepler-453 b,neptune-like
Kepler-454 b,neptune-like
Kepler-458 c,neptune-like
Kepler-460 c,neptune-like
Kepler-461 b,neptune-like
Kepler-462 c,neptune-like
Kepler-463 b,neptune-like
Kepler-464 b,neptune-like
Kepler-465 b,neptune-like
Kepler-466 b,neptune-like
Kepler-467 b,neptune-like
Kepler-472 b,neptune-like
Kepler-473 b,neptune-like
Kepler-474 b,neptune-like
Kepler-475 b,neptune-like
Kepler-476 b,neptune-like
Kepler-478 b,neptune-like
Kepler-479 b,neptune-like
Kepler-47 b,neptune-like
Kepler-47 c,neptune-like
Kepler-47 d,neptune-like
Kepler-480 b,neptune-like
Kepler-481 b,neptune-like
Kepler-482 b,neptune-like
Kepler-483 b,neptune-like
Kepler-484 b,neptune-like
Kepler-487 c,neptune-like
Kepler-495 b,neptune-like
Kepler-496 b,neptune-like
Kepler-497 b,neptune-like
Kepler-498 b,neptune-like
Kepler-499 b,neptune-like
Kepler-49 c,neptune-like
Kepler-4 b,neptune-like
Kepler-500 b,neptune-like
Kepler-501 b,neptune-like
Kepler-502 b,neptune-like
Kepler-505 b,neptune-like
Kepler-506 b,neptune-like
Kepler-509 b,neptune-like
Kepler-50 c,neptune-like
Kepler-510 b,neptune-like
Kepler-1677 b,neptune-like
Kepler-1678 b,neptune-like
Kepler-1681 b,neptune-like
Kepler-1682 b,neptune-like
Kepler-1684 b,neptune-like
Kepler-1685 b,neptune-like
Kepler-168 c,neptune-like
Kepler-1690 b,neptune-like
Kepler-1696 b,neptune-like
Kepler-169 e,neptune-like
Kepler-169 f,neptune-like
Kepler-1700 b,neptune-like
Kepler-1701 b,neptune-like
Kepler-170 c,neptune-like
Kepler-171 b,neptune-like
Kepler-171 c,neptune-like
Kepler-172 b,neptune-like
Kepler-172 c,neptune-like
Kepler-172 d,neptune-like
Kepler-172 e,neptune-like
Kepler-173 c,neptune-like
Kepler-174 d,neptune-like
Kepler-175 b,neptune-like
Kepler-175 c,neptune-like
Kepler-176 c,neptune-like
Kepler-177 b,neptune-like
Kepler-177 c,neptune-like
Kepler-178 b,neptune-like
Kepler-178 c,neptune-like
Kepler-178 d,neptune-like
Kepler-180 c,neptune-like
Kepler-182 b,neptune-like
Kepler-182 c,neptune-like
Kepler-184 b,neptune-like
Kepler-184 d,neptune-like
Kepler-187 c,neptune-like
Kepler-188 c,neptune-like
Kepler-18 c,neptune-like
Kepler-18 d,neptune-like
Kepler-191 d,neptune-like
Kepler-192 b,neptune-like
Kepler-192 c,neptune-like
Kepler-193 b,neptune-like
Kepler-193 c,neptune-like
Kepler-194 c,neptune-like
Kepler-194 d,neptune-like
Kepler-196 c,neptune-like
Kepler-198 b,neptune-like
Kepler-198 c,neptune-like
GJ 3634 b,neptune-like
GJ 3779 b,neptune-like
GJ 3942 b,neptune-like
GJ 3998 c,neptune-like
GJ 414 A b,neptune-like
GJ 4276 b,neptune-like
GJ 667 C b,neptune-like
GJ 676 A e,neptune-like
GJ 720 A b,neptune-like
GJ 9066 b,neptune-like
GJ 9689 b,neptune-like
GJ 9827 d,neptune-like
HAT-P-11 b,neptune-like
HAT-P-26 b,neptune-like
HATS-37 A b,neptune-like
HATS-38 b,neptune-like
HD 10180 c,neptune-like
HD 10180 d,neptune-like
HD 10180 e,neptune-like
HD 10180 f,neptune-like
HD 10180 g,neptune-like
HD 102365 b,neptune-like
HD 103197 b,neptune-like
HD 103949 b,neptune-like
HD 106315 c,neptune-like
HD 107148 c,neptune-like
Kepler-684 b,neptune-like
Kepler-687 b,neptune-like
Kepler-689 b,neptune-like
Kepler-68 b,neptune-like
Kepler-690 b,neptune-like
Kepler-692 b,neptune-like
Kepler-694 b,neptune-like
Kepler-696 b,neptune-like
Kepler-697 b,neptune-like
Kepler-698 b,neptune-like
Kepler-69 b,neptune-like
Kepler-700 b,neptune-like
Kepler-701 b,neptune-like
Kepler-704 b,neptune-like
Kepler-705 b,neptune-like
Kepler-708 b,neptune-like
Kepler-709 b,neptune-like
Kepler-711 b,neptune-like
Kepler-712 b,neptune-like
Kepler-712 c,neptune-like
Kepler-713 b,neptune-like
Kepler-715 b,neptune-like
Kepler-716 b,neptune-like
Kepler-717 b,neptune-like
Kepler-721 b,neptune-like
Kepler-722 b,neptune-like
Kepler-722 c,neptune-like
Kepler-724 b,neptune-like
Kepler-726 b,neptune-like
Kepler-727 b,neptune-like
Kepler-728 b,neptune-like
Kepler-729 b,neptune-like
Kepler-732 b,neptune-like
Kepler-733 b,neptune-like
Kepler-734 b,neptune-like
Kepler-735 b,neptune-like
Kepler-736 b,neptune-like
Kepler-738 b,neptune-like
Kepler-739 b,neptune-like
Kepler-740 b,neptune-like
Kepler-741 b,neptune-like
Kepler-742 b,neptune-like
Kepler-745 b,neptune-like
Kepler-747 b,neptune-like
Kepler-748 b,neptune-like
Kepler-749 b,neptune-like
Kepler-750 b,neptune-like
Kepler-751 b,neptune-like
Kepler-752 b,neptune-like
HD 20003 b,neptune-like
HD 20003 c,neptune-like
HD 204313 c,neptune-like
HD 206255 b,neptune-like
HD 20781 c,neptune-like
HD 20781 d,neptune-like
HD 20781 e,neptune-like
HD 211970 b,neptune-like
HD 213885 c,neptune-like
HD 215497 b,neptune-like
HD 216520 b,neptune-like
HD 216520 c,neptune-like
HD 21693 b,neptune-like
HD 21693 c,neptune-like
HD 219134 g,neptune-like
HD 219666 b,neptune-like
HD 219828 b,neptune-like
HD 22496 b,neptune-like
HD 238090 b,neptune-like
HD 24085 b,neptune-like
HD 26965 b,neptune-like
HD 285968 b,neptune-like
HD 31527 b,neptune-like
HD 31527 c,neptune-like
HD 31527 d,neptune-like
HD 3167 c,neptune-like
HD 3167 d,neptune-like
HD 34445 d,neptune-like
HD 34445 e,neptune-like
HD 34445 f,neptune-like
HD 39194 c,neptune-like
HD 39855 b,neptune-like
HD 40307 c,neptune-like
HD 40307 d,neptune-like
HD 40307 f,neptune-like
HD 40307 g,neptune-like
HD 42618 b,neptune-like
HD 4308 b,neptune-like
HD 45184 b,neptune-like
HD 45184 c,neptune-like
HD 47186 b,neptune-like
HD 49674 b,neptune-like
HD 51608 b,neptune-like
HD 51608 c,neptune-like
HD 5278 b,neptune-like
HD 5278 c,neptune-like
HD 63433 b,neptune-like
HD 63433 c,neptune-like
HD 63935 b,neptune-like
Kepler-1580 b,neptune-like
Kepler-158 b,neptune-like
Kepler-1593 b,neptune-like
Kepler-159 b,neptune-like
Kepler-159 c,neptune-like
Kepler-1600 b,neptune-like
Kepler-1609 b,neptune-like
Kepler-160 c,neptune-like
Kepler-1621 b,neptune-like
Kepler-1624 b,neptune-like
Kepler-1625 b,neptune-like
Kepler-1627 b,neptune-like
Kepler-1628 b,neptune-like
Kepler-162 c,neptune-like
Kepler-1630 b,neptune-like
Kepler-1632 b,neptune-like
Kepler-1634 b,neptune-like
Kepler-1635 b,neptune-like
Kepler-1636 b,neptune-like
Kepler-1639 b,neptune-like
Kepler-163 c,neptune-like
Kepler-1640 b,neptune-like
Kepler-1641 b,neptune-like
Kepler-1641 c,neptune-like
Kepler-1642 b,neptune-like
Kepler-1642 c,neptune-like
Kepler-1643 b,neptune-like
Kepler-164 c,neptune-like
Kepler-164 d,neptune-like
Kepler-1653 b,neptune-like
Kepler-1655 b,neptune-like
Kepler-165 b,neptune-like
Kepler-165 c,neptune-like
Kepler-1661 b,neptune-like
Kepler-1663 b,neptune-like
Kepler-1664 b,neptune-like
Kepler-1665 b,neptune-like
Kepler-1666 b,neptune-like
Kepler-1666 c,neptune-like
Kepler-1667 b,neptune-like
Kepler-1668 b,neptune-like
Kepler-1669 b,neptune-like
Kepler-166 b,neptune-like
Kepler-166 c,neptune-like
Kepler-1670 b,neptune-like
Kepler-1672 b,neptune-like
Kepler-1673 b,neptune-like
Kepler-1674 b,neptune-like
Kepler-1675 b,neptune-like
Kepler-758 d,neptune-like
Kepler-759 b,neptune-like
Kepler-760 b,neptune-like
Kepler-765 b,neptune-like
Kepler-766 b,neptune-like
Kepler-767 b,neptune-like
Kepler-769 b,neptune-like
Kepler-770 b,neptune-like
Kepler-774 b,neptune-like
Kepler-781 b,neptune-like
Kepler-782 b,neptune-like
Kepler-783 c,neptune-like
Kepler-786 b,neptune-like
Kepler-788 b,neptune-like
Kepler-789 b,neptune-like
Kepler-790 b,neptune-like
Kepler-791 b,neptune-like
Kepler-794 b,neptune-like
Kepler-797 b,neptune-like
Kepler-798 b,neptune-like
Kepler-799 b,neptune-like
Kepler-79 b,neptune-like
Kepler-79 c,neptune-like
Kepler-79 d,neptune-like
Kepler-79 e,neptune-like
Kepler-800 b,neptune-like
Kepler-802 b,neptune-like
Kepler-803 b,neptune-like
Kepler-805 b,neptune-like
Kepler-809 b,neptune-like
Kepler-80 b,neptune-like
Kepler-80 c,neptune-like
Kepler-811 b,neptune-like
Kepler-812 b,neptune-like
Kepler-813 b,neptune-like
Kepler-814 b,neptune-like
Kepler-815 b,neptune-like
Kepler-818 b,neptune-like
Kepler-819 b,neptune-like
Kepler-81 c,neptune-like
Kepler-820 b,neptune-like
Kepler-827 b,neptune-like
Kepler-829 b,neptune-like
Kepler-82 b,neptune-like
Kepler-82 c,neptune-like
Kepler-82 e,neptune-like
Kepler-82 f,neptune-like
Kepler-835 b,neptune-like
Kepler-836 b,neptune-like
Kepler-234 b,neptune-like
Kepler-234 c,neptune-like
Kepler-235 b,neptune-like
Kepler-235 e,neptune-like
Kepler-238 c,neptune-like
Kepler-238 d,neptune-like
Kepler-238 e,neptune-like
Kepler-239 b,neptune-like
Kepler-239 c,neptune-like
Kepler-23 b,neptune-like
Kepler-23 c,neptune-like
Kepler-241 b,neptune-like
Kepler-241 c,neptune-like
Kepler-242 b,neptune-like
Kepler-243 b,neptune-like
Kepler-244 b,neptune-like
Kepler-245 b,neptune-like
Kepler-245 d,neptune-like
Kepler-246 b,neptune-like
Kepler-247 c,neptune-like
Kepler-247 d,neptune-like
Kepler-248 b,neptune-like
Kepler-248 c,neptune-like
Kepler-24 b,neptune-like
Kepler-24 c,neptune-like
Kepler-24 e,neptune-like
Kepler-250 c,neptune-like
Kepler-250 d,neptune-like
Kepler-251 c,neptune-like
Kepler-251 d,neptune-like
Kepler-251 e,neptune-like
Kepler-252 c,neptune-like
Kepler-253 c,neptune-like
Kepler-253 d,neptune-like
Kepler-254 b,neptune-like
Kepler-254 c,neptune-like
Kepler-254 d,neptune-like
Kepler-255 c,neptune-like
Kepler-256 c,neptune-like
Kepler-256 d,neptune-like
Kepler-256 e,neptune-like
Kepler-257 b,neptune-like
Kepler-257 c,neptune-like
Kepler-257 d,neptune-like
Kepler-258 b,neptune-like
Kepler-258 c,neptune-like
Kepler-259 b,neptune-like
Kepler-259 c,neptune-like
Kepler-25 b,neptune-like
Kepler-926 b,neptune-like
Kepler-92 c,neptune-like
Kepler-930 b,neptune-like
Kepler-933 b,neptune-like
Kepler-937 b,neptune-like
Kepler-937 c,neptune-like
Kepler-938 b,neptune-like
Kepler-940 b,neptune-like
Kepler-941 b,neptune-like
Kepler-942 b,neptune-like
Kepler-943 b,neptune-like
Kepler-944 b,neptune-like
Kepler-945 b,neptune-like
Kepler-947 b,neptune-like
Kepler-949 b,neptune-like
Kepler-94 b,neptune-like
Kepler-951 b,neptune-like
Kepler-953 b,neptune-like
Kepler-954 b,neptune-like
Kepler-955 b,neptune-like
Kepler-956 b,neptune-like
Kepler-957 b,neptune-like
Kepler-959 b,neptune-like
Kepler-95 b,neptune-like
Kepler-960 b,neptune-like
Kepler-961 b,neptune-like
Kepler-963 b,neptune-like
Kepler-964 b,neptune-like
Kepler-965 b,neptune-like
Kepler-966 b,neptune-like
Kepler-967 b,neptune-like
Kepler-967 c,neptune-like
Kepler-96 b,neptune-like
Kepler-970 b,neptune-like
Kepler-971 b,neptune-like
Kepler-972 b,neptune-like
Kepler-976 b,neptune-like
Kepler-977 b,neptune-like
Kepler-978 b,neptune-like
Kepler-979 b,neptune-like
Kepler-980 b,neptune-like
Kepler-981 b,neptune-like
Kepler-982 b,neptune-like
Kepler-983 b,neptune-like
Kepler-984 b,neptune-like
Kepler-985 b,neptune-like
Kepler-986 b,neptune-like
Kepler-987 b,neptune-like
Kepler-989 b,neptune-like
Kepler-990 b,neptune-like
Kepler-991 b,neptune-like
Kepler-993 b,neptune-like
Kepler-995 b,neptune-like
Kepler-998 b,neptune-like
Kepler-999 b,neptune-like
Kepler-9 c,neptune-like
KIC 10525077 b,neptune-like
KIC 3558849 b,neptune-like
KIC 5437945 b,neptune-like
KIC 5951458 b,neptune-like
KIC 8540376 b,neptune-like
KIC 8540376 c,neptune-like
KIC 9663113 b,neptune-like
KMT-2017-BLG-0165L b,neptune-like
KMT-2018-BLG-0029L b,neptune-like
KMT-2018-BLG-1025L b,neptune-like
KMT-2019-BLG-0842L b,neptune-like
KOI-142 b,neptune-like
KOI-1783.02,neptune-like
LP 714-47 b,neptune-like
LP 791-18 c,neptune-like
LSPM J2116+0234 b,neptune-like
LTT 9779 b,neptune-like
MOA-2008-BLG-310L b,neptune-like
MOA-2009-BLG-266L b,neptune-like
MOA-2010-BLG-328L b,neptune-like
MOA-2011-BLG-028L b,neptune-like
MOA-2011-BLG-262L b,neptune-like
MOA-2011-BLG-291L b,neptune-like
MOA-2012-BLG-505L b,neptune-like
MOA-2015-BLG-337L b,neptune-like
NGTS-14 A b,neptune-like
OGLE-2005-BLG-169L b,neptune-like
OGLE-2005-BLG-390L b,neptune-like
OGLE-2007-BLG-368L b,neptune-like
OGLE-2012-BLG-0950L b,neptune-like
OGLE-2015-BLG-0966L b,neptune-like
OGLE-2015-BLG-1670L b,neptune-like
OGLE-2017-BLG-0482L b,neptune-like
OGLE-2018-BLG-0596L b,neptune-like
OGLE-2018-BLG-1185L b,neptune-like
pi Men c,neptune-like
rho CrB c,neptune-like
TCP J05074264+2447555 b,neptune-like
Kepler-1026 b,neptune-like
Kepler-1030 b,neptune-like
Kepler-1033 b,neptune-like
Kepler-1034 b,neptune-like
Kepler-1036 b,neptune-like
Kepler-1038 b,neptune-like
Kepler-103 b,neptune-like
Kepler-103 c,neptune-like
Kepler-1041 b,neptune-like
Kepler-1042 b,neptune-like
Kepler-1043 b,neptune-like
Kepler-1044 b,neptune-like
Kepler-1045 b,neptune-like
Kepler-104 c,neptune-like
Kepler-104 d,neptune-like
Kepler-1051 b,neptune-like
Kepler-1052 b,neptune-like
Kepler-1054 b,neptune-like
Kepler-1056 b,neptune-like
Kepler-1057 b,neptune-like
Kepler-1058 b,neptune-like
Kepler-105 b,neptune-like
Kepler-1060 b,neptune-like
Kepler-1065 b,neptune-like
Kepler-1066 b,neptune-like
Kepler-1068 b,neptune-like
Kepler-1071 b,neptune-like
Kepler-1073 b,neptune-like
Kepler-1077 b,neptune-like
Kepler-107 e,neptune-like
Kepler-1080 b,neptune-like
Kepler-1083 b,neptune-like
Kepler-1085 c,neptune-like
Kepler-1086 b,neptune-like
Kepler-1086 c,neptune-like
Kepler-1090 b,neptune-like
Kepler-1094 b,neptune-like
Kepler-1097 b,neptune-like
Kepler-1099 b,neptune-like
Kepler-109 b,neptune-like
Kepler-109 c,neptune-like
Kepler-1101 b,neptune-like
Kepler-1102 b,neptune-like
Kepler-1103 b,neptune-like
Kepler-1109 b,neptune-like
Kepler-110 c,neptune-like
Kepler-1110 b,neptune-like
Kepler-1112 b,neptune-like
Kepler-1113 b,neptune-like
Kepler-1118 b,neptune-like
Kepler-1128 b,neptune-like
Kepler-1129 b,neptune-like
Kepler-1129 c,neptune-like
Kepler-112 b,neptune-like
Kepler-112 c,neptune-like
Kepler-1132 b,neptune-like
Kepler-1134 b,neptune-like
Kepler-1137 b,neptune-like
Kepler-113 c,neptune-like
Kepler-1140 b,neptune-like
Kepler-1143 c,neptune-like
Kepler-1147 b,neptune-like
Kepler-114 d,neptune-like
Kepler-1151 b,neptune-like
Kepler-1154 b,neptune-like
Kepler-1154 c,neptune-like
Kepler-1158 b,neptune-like
Kepler-1159 b,neptune-like
Kepler-115 c,neptune-like
Kepler-1160 b,neptune-like
Kepler-1161 b,neptune-like
Kepler-1162 b,neptune-like
Kepler-1168 b,neptune-like
Kepler-116 b,neptune-like
Kepler-116 c,neptune-like
Kepler-1170 b,neptune-like
Kepler-1171 b,neptune-like
Kepler-1172 b,neptune-like
Kepler-1175 b,neptune-like
Kepler-1176 b,neptune-like
Kepler-117 b,neptune-like
Kepler-1182 b,neptune-like
Kepler-1183 b,neptune-like
Kepler-1184 b,neptune-like
Kepler-1186 b,neptune-like
Kepler-1187 b,neptune-like
Kepler-1192 b,neptune-like
Kepler-1196 b,neptune-like
Kepler-119 b,neptune-like
Kepler-11 c,neptune-like
Kepler-11 d,neptune-like
Kepler-11 e,neptune-like
Kepler-11 f,neptune-like
Kepler-11 g,neptune-like
Kepler-1201 b,neptune-like
Kepler-1202 b,neptune-like
Kepler-1204 b,neptune-like
Kepler-1208 b,neptune-like
Kepler-1212 b,neptune-like
Kepler-1214 b,neptune-like
Kepler-1219 b,neptune-like
Kepler-121 b,neptune-like
Kepler-121 c,neptune-like
Kepler-1227 b,neptune-like
Kepler-122 b,neptune-like
Kepler-122 c,neptune-like
Kepler-122 d,neptune-like
Kepler-122 e,neptune-like
Kepler-1230 b,neptune-like
Kepler-1233 b,neptune-like
Kepler-1234 b,neptune-like
Kepler-1236 b,neptune-like
Kepler-1237 b,neptune-like
Kepler-1239 b,neptune-like
Kepler-1241 b,neptune-like
Kepler-1242 b,neptune-like
Kepler-1247 b,neptune-like
Kepler-1249 b,neptune-like
Kepler-1255 b,neptune-like
Kepler-125 b,neptune-like
Kepler-1261 b,neptune-like
Kepler-1266 b,neptune-like
Kepler-1267 b,neptune-like
Kepler-126 d,neptune-like
Kepler-1270 b,neptune-like
Kepler-1272 b,neptune-like
Kepler-1273 b,neptune-like
Kepler-127 c,neptune-like
Kepler-127 d,neptune-like
Kepler-1286 b,neptune-like
Kepler-1294 b,neptune-like
Kepler-1299 b,neptune-like
Kepler-1304 b,neptune-like
Kepler-1307 b,neptune-like
Kepler-1309 b,neptune-like
Kepler-130 c,neptune-like
Kepler-1312 b,neptune-like
Kepler-1314 b,neptune-like
Kepler-1316 b,neptune-like
Kepler-1318 b,neptune-like
Kepler-1321 b,neptune-like
Kepler-1321 c,neptune-like
Kepler-1325 b,neptune-like
Kepler-1326 b,neptune-like
Kepler-1329 b,neptune-like
Kepler-1333 b,neptune-like
Kepler-1334 b,neptune-like
Kepler-199 c,neptune-like
Kepler-19 c,neptune-like
Kepler-19 d,neptune-like
Kepler-200 b,neptune-like
Kepler-201 b,neptune-like
Kepler-201 c,neptune-like
Kepler-203 b,neptune-like
Kepler-204 b,neptune-like
Kepler-207 d,neptune-like
Kepler-209 b,neptune-like
Kepler-209 c,neptune-like
Kepler-20 c,neptune-like
Kepler-20 d,neptune-like
Kepler-20 g,neptune-like
Kepler-210 b,neptune-like
Kepler-210 c,neptune-like
Kepler-212 c,neptune-like
Kepler-213 c,neptune-like
Kepler-214 b,neptune-like
Kepler-214 c,neptune-like
Kepler-216 b,neptune-like
Kepler-216 c,neptune-like
Kepler-217 b,neptune-like
Kepler-218 c,neptune-like
Kepler-218 d,neptune-like
Kepler-219 b,neptune-like
Kepler-219 c,neptune-like
Kepler-221 d,neptune-like
Kepler-221 e,neptune-like
Kepler-222 b,neptune-like
Kepler-222 c,neptune-like
Kepler-222 d,neptune-like
Kepler-223 b,neptune-like
Kepler-223 c,neptune-like
Kepler-223 d,neptune-like
Kepler-223 e,neptune-like
Kepler-224 c,neptune-like
Kepler-224 d,neptune-like
Kepler-227 b,neptune-like
Kepler-227 c,neptune-like
Kepler-228 c,neptune-like
Kepler-228 d,neptune-like
Kepler-229 b,neptune-like
Kepler-229 c,neptune-like
Kepler-229 d,neptune-like
Kepler-230 b,neptune-like
Kepler-232 b,neptune-like
Kepler-232 c,neptune-like
Kepler-233 b,neptune-like
Kepler-622 b,neptune-like
Kepler-623 b,neptune-like
Kepler-624 b,neptune-like
Kepler-626 b,neptune-like
Kepler-627 b,neptune-like
Kepler-62 d,neptune-like
Kepler-630 b,neptune-like
Kepler-631 b,neptune-like
Kepler-632 b,neptune-like
Kepler-635 b,neptune-like
Kepler-636 b,neptune-like
Kepler-637 b,neptune-like
Kepler-639 b,neptune-like
Kepler-640 b,neptune-like
Kepler-642 b,neptune-like
Kepler-644 b,neptune-like
Kepler-645 b,neptune-like
Kepler-647 c,neptune-like
Kepler-648 b,neptune-like
Kepler-649 b,neptune-like
Kepler-650 b,neptune-like
Kepler-651 b,neptune-like
Kepler-652 b,neptune-like
Kepler-655 b,neptune-like
Kepler-656 b,neptune-like
Kepler-657 b,neptune-like
Kepler-659 b,neptune-like
Kepler-65 c,neptune-like
Kepler-660 b,neptune-like
Kepler-661 b,neptune-like
Kepler-662 b,neptune-like
Kepler-663 b,neptune-like
Kepler-664 b,neptune-like
Kepler-665 b,neptune-like
Kepler-666 b,neptune-like
Kepler-667 b,neptune-like
Kepler-668 b,neptune-like
Kepler-669 b,neptune-like
Kepler-66 b,neptune-like
Kepler-671 b,neptune-like
Kepler-672 b,neptune-like
Kepler-673 b,neptune-like
Kepler-675 b,neptune-like
Kepler-676 b,neptune-like
Kepler-677 b,neptune-like
Kepler-678 b,neptune-like
Kepler-679 b,neptune-like
Kepler-67 b,neptune-like
Kepler-680 b,neptune-like
Kepler-340 b,neptune-like
Kepler-340 c,neptune-like
Kepler-342 b,neptune-like
Kepler-342 d,neptune-like
Kepler-343 b,neptune-like
Kepler-344 b,neptune-like
Kepler-344 c,neptune-like
Kepler-346 b,neptune-like
Kepler-346 c,neptune-like
Kepler-350 c,neptune-like
Kepler-351 b,neptune-like
Kepler-351 c,neptune-like
Kepler-351 d,neptune-like
Kepler-355 c,neptune-like
Kepler-357 c,neptune-like
Kepler-357 d,neptune-like
Kepler-358 b,neptune-like
Kepler-358 c,neptune-like
Kepler-359 b,neptune-like
Kepler-359 c,neptune-like
Kepler-359 d,neptune-like
Kepler-360 c,neptune-like
Kepler-361 c,neptune-like
Kepler-364 c,neptune-like
Kepler-368 b,neptune-like
Kepler-368 c,neptune-like
Kepler-36 c,neptune-like
Kepler-375 c,neptune-like
Kepler-379 c,neptune-like
Kepler-37 d,neptune-like
Kepler-385 c,neptune-like
Kepler-385 d,neptune-like
Kepler-391 b,neptune-like
Kepler-391 c,neptune-like
Kepler-396 c,neptune-like
Kepler-397 b,neptune-like
Kepler-397 c,neptune-like
Kepler-401 c,neptune-like
Kepler-401 d,neptune-like
Kepler-405 c,neptune-like
Kepler-410 A b,neptune-like
Kepler-411 c,neptune-like
Kepler-411 d,neptune-like
Kepler-411 e,neptune-like
Kepler-414 c,neptune-like
Kepler-416 c,neptune-like
Kepler-417 c,neptune-like
Kepler-421 b,neptune-like
Kepler-430 b,neptune-like
HD 64114 b,neptune-like
HD 69830 b,neptune-like
HD 69830 c,neptune-like
HD 69830 d,neptune-like
HD 77338 b,neptune-like
HD 7924 b,neptune-like
HD 7924 c,neptune-like
HD 7924 d,neptune-like
HD 85390 b,neptune-like
HD 89345 b,neptune-like
HD 90156 b,neptune-like
HD 93385 c,neptune-like
HD 93385 d,neptune-like
HD 95735 c,neptune-like
HD 96700 b,neptune-like
HD 96700 d,neptune-like
HD 99492 b,neptune-like
HIP 107772 b,neptune-like
HIP 35173 b,neptune-like
HIP 38594 b,neptune-like
HIP 41378 b,neptune-like
HIP 41378 c,neptune-like
HIP 41378 d,neptune-like
HIP 41378 e,neptune-like
HIP 4845 b,neptune-like
HIP 48714 b,neptune-like
HIP 54373 b,neptune-like
HIP 54373 c,neptune-like
HIP 57274 b,neptune-like
HIP 71135 b,neptune-like
HIP 97166 b,neptune-like
HIP 97166 c,neptune-like
TOI-1130 b,neptune-like
TOI-1201 b,neptune-like
TOI-122 b,neptune-like
TOI-1231 b,neptune-like
TOI-125 b,neptune-like
TOI-125 c,neptune-like
TOI-125 d,neptune-like
TOI-1260 c,neptune-like
TOI-132 b,neptune-like
TOI-1338 b,neptune-like
TOI-1444 c,neptune-like
TOI-1728 b,neptune-like
TOI-1749 c,neptune-like
TOI-1749 d,neptune-like
TOI-178 d,neptune-like
TOI-178 e,neptune-like
TOI-178 g,neptune-like
TOI-2076 b,neptune-like
TOI-2076 c,neptune-like
TOI-2076 d,neptune-like
TOI-216.02,neptune-like
TOI-220 b,neptune-like
TOI-2257 b,neptune-like
TOI-2406 b,neptune-like
TOI-251 b,neptune-like
TOI-269 b,neptune-like
TOI-270 c,neptune-like
TOI-270 d,neptune-like
TOI-421 b,neptune-like
TOI-421 c,neptune-like
TOI-431 d,neptune-like
TOI-451 c,neptune-like
TOI-451 d,neptune-like
TOI-561 c,neptune-like
TOI-561 f,neptune-like
TOI-674 b,neptune-like
TOI-700 c,neptune-like
TOI-763 c,neptune-like
TOI-813 b,neptune-like
TOI-942 b,neptune-like
TOI-942 c,neptune-like
V1298 Tau c,neptune-like
V1298 Tau d,neptune-like
WASP-107 b,neptune-like
WASP-139 b,neptune-like
WASP-166 b,neptune-like
WASP-47 d,neptune-like
Wolf 1061 d,neptune-like
61 Vir c,neptune-like
61 Vir d,neptune-like
AU Mic b,neptune-like
AU Mic c,neptune-like
BD-06 1339 b,neptune-like
BD-08 2823 b,neptune-like
BD-11 4672 c,neptune-like
BD+20 594 b,neptune-like
CoRoT-22 b,neptune-like
CoRoT-24 b,neptune-like
CoRoT-24 c,neptune-like
CoRoT-7 c,neptune-like
DS Tuc A b,neptune-like
EPIC 206024342 d,neptune-like
EPIC 211945201 b,neptune-like
EPIC 212297394 c,neptune-like
EPIC 212424622 b,neptune-like
EPIC 212587672 c,neptune-like
EPIC 212624936 c,neptune-like
EPIC 212737443 b,neptune-like
EPIC 212737443 c,neptune-like
EPIC 220674823 c,neptune-like
EPIC 249893012 c,neptune-like
EPIC 249893012 d,neptune-like
GJ 1214 b,neptune-like
GJ 1265 b,neptune-like
GJ 15 A c,neptune-like
GJ 160.2 b,neptune-like
GJ 2056 b,neptune-like
GJ 229 A c,neptune-like
GJ 3082 b,neptune-like
GJ 3138 d,neptune-like
GJ 3293 b,neptune-like
GJ 3293 c,neptune-like
GJ 3293 d,neptune-like
GJ 3341 b,neptune-like
GJ 338 B b,neptune-like
GJ 3470 b,neptune-like
GJ 3998 b,super earth
GJ 667 C c,super earth
GJ 667 C e,super earth
GJ 667 C f,super earth
GJ 667 C g,super earth
GJ 676 A d,super earth
GJ 9827 b,super earth
GJ 9827 c,super earth
HD 106315 b,super earth
HD 108236 b,super earth
HD 108236 c,super earth
HD 108236 f,super earth
HD 136352 b,super earth
HD 137496 b,super earth
HD 15337 b,super earth
HD 15337 c,super earth
HD 156668 b,super earth
HD 158259 b,super earth
HD 164922 d,super earth
HD 20781 b,super earth
HD 207897 b,super earth
HD 20794 b,super earth
HD 20794 c,super earth
HD 20794 d,super earth
HD 20794 e,super earth
HD 213885 b,super earth
HD 215152 b,super earth
HD 215152 c,super earth
HD 215152 d,super earth
HD 215152 e,super earth
HD 21749 c,super earth
HD 219134 b,super earth
HD 219134 c,super earth
HD 219134 d,super earth
HD 219134 f,super earth
HD 23472 b,super earth
HD 23472 c,super earth
HD 3167 b,super earth
HD 39194 b,super earth
HD 39194 d,super earth
HD 40307 b,super earth
HD 80653 b,super earth
Kepler-1606 b,super earth
Kepler-1608 b,super earth
Kepler-160 b,super earth
Kepler-1610 b,super earth
Kepler-1612 b,super earth
Kepler-1613 b,super earth
Kepler-1614 b,super earth
Kepler-1615 b,super earth
Kepler-1616 b,super earth
Kepler-1617 b,super earth
Kepler-1618 b,super earth
Kepler-161 b,super earth
Kepler-161 c,super earth
Kepler-1620 b,super earth
Kepler-1622 b,super earth
Kepler-1623 b,super earth
Kepler-1626 b,super earth
Kepler-162 b,super earth
Kepler-1631 b,super earth
Kepler-1633 b,super earth
Kepler-1638 b,super earth
Kepler-163 b,super earth
Kepler-1644 b,super earth
Kepler-1645 b,super earth
Kepler-1646 b,super earth
Kepler-1649 b,super earth
Kepler-1649 c,super earth
Kepler-164 b,super earth
Kepler-1651 b,super earth
Kepler-1652 b,super earth
Kepler-166 d,super earth
Kepler-1671 b,super earth
Kepler-1679 b,super earth
Kepler-167 b,super earth
Kepler-167 c,super earth
Kepler-167 d,super earth
Kepler-1680 b,super earth
Kepler-1683 b,super earth
Kepler-1686 b,super earth
Kepler-1687 b,super earth
Kepler-1688 b,super earth
Kepler-168 b,super earth
Kepler-1691 b,super earth
Kepler-1692 b,super earth
Kepler-1693 b,super earth
Kepler-1694 b,super earth
Kepler-1695 b,super earth
Kepler-1697 b,super earth
Kepler-1698 b,super earth
Kepler-386 b,super earth
Kepler-386 c,super earth
Kepler-387 b,super earth
Kepler-389 b,super earth
Kepler-389 c,super earth
Kepler-392 c,super earth
Kepler-393 b,super earth
Kepler-393 c,super earth
Kepler-394 b,super earth
Kepler-394 c,super earth
Kepler-395 b,super earth
Kepler-395 c,super earth
Kepler-398 c,super earth
Kepler-399 c,super earth
Kepler-399 d,super earth
Kepler-400 b,super earth
Kepler-400 c,super earth
Kepler-401 b,super earth
Kepler-402 b,super earth
Kepler-402 c,super earth
Kepler-402 d,super earth
Kepler-402 e,super earth
Kepler-403 b,super earth
Kepler-403 c,super earth
Kepler-403 d,super earth
Kepler-404 b,super earth
Kepler-404 c,super earth
Kepler-405 b,super earth
Kepler-406 b,super earth
Kepler-406 c,super earth
Kepler-407 b,super earth
Kepler-409 b,super earth
Kepler-411 b,super earth
Kepler-414 b,super earth
Kepler-415 b,super earth
Kepler-415 c,super earth
Kepler-416 b,super earth
Kepler-417 b,super earth
Kepler-430 c,super earth
Kepler-431 d,super earth
Kepler-438 b,super earth
Kepler-440 b,super earth
Kepler-441 b,super earth
Kepler-442 b,super earth
Kepler-445 b,super earth
Kepler-445 d,super earth
Kepler-446 b,super earth
Kepler-446 c,super earth
Kepler-446 d,super earth
Kepler-1382 b,super earth
Kepler-1383 b,super earth
Kepler-1384 b,super earth
Kepler-1386 b,super earth
Kepler-1389 b,super earth
Kepler-138 c,super earth
Kepler-138 d,super earth
Kepler-1390 b,super earth
Kepler-1391 b,super earth
Kepler-1392 b,super earth
Kepler-1394 b,super earth
Kepler-1396 b,super earth
Kepler-1397 b,super earth
Kepler-1398 c,super earth
Kepler-1399 b,super earth
Kepler-1400 b,super earth
Kepler-1401 b,super earth
Kepler-1404 b,super earth
Kepler-1406 b,super earth
Kepler-1409 b,super earth
Kepler-140 b,super earth
Kepler-140 c,super earth
Kepler-1410 b,super earth
Kepler-1413 b,super earth
Kepler-1414 b,super earth
Kepler-1415 b,super earth
Kepler-1418 b,super earth
Kepler-141 c,super earth
Kepler-1420 b,super earth
Kepler-1422 b,super earth
Kepler-1423 b,super earth
Kepler-1424 b,super earth
Kepler-1426 b,super earth
Kepler-1427 b,super earth
Kepler-1428 b,super earth
Kepler-1429 b,super earth
Kepler-142 b,super earth
Kepler-1430 b,super earth
Kepler-1431 b,super earth
Kepler-1433 b,super earth
Kepler-1434 b,super earth
Kepler-1436 b,super earth
Kepler-1437 b,super earth
Kepler-1439 b,super earth
Kepler-1440 b,super earth
Kepler-1441 b,super earth
Kepler-1448 b,super earth
Kepler-1449 b,super earth
Kepler-144 b,super earth
HD 86226 c,super earth
HD 93385 b,super earth
HD 96700 c,super earth
HD 97658 b,super earth
HIP 116454 b,super earth
Kepler-354 d,super earth
Kepler-355 b,super earth
Kepler-356 b,super earth
Kepler-356 c,super earth
Kepler-357 b,super earth
Kepler-360 b,super earth
Kepler-361 b,super earth
Kepler-362 c,super earth
Kepler-363 b,super earth
Kepler-363 c,super earth
Kepler-363 d,super earth
Kepler-364 b,super earth
Kepler-365 b,super earth
Kepler-365 c,super earth
Kepler-366 b,super earth
Kepler-366 c,super earth
Kepler-367 b,super earth
Kepler-367 c,super earth
Kepler-369 b,super earth
Kepler-369 c,super earth
Kepler-36 b,super earth
Kepler-370 b,super earth
Kepler-370 c,super earth
Kepler-371 b,super earth
Kepler-371 c,super earth
Kepler-372 b,super earth
Kepler-372 c,super earth
Kepler-372 d,super earth
Kepler-373 b,super earth
Kepler-373 c,super earth
Kepler-374 b,super earth
Kepler-374 c,super earth
Kepler-374 d,super earth
Kepler-375 b,super earth
Kepler-376 b,super earth
Kepler-376 c,super earth
Kepler-377 b,super earth
Kepler-377 c,super earth
Kepler-379 b,super earth
Kepler-37 b,super earth
Kepler-380 b,super earth
Kepler-380 c,super earth
Kepler-381 c,super earth
Kepler-382 b,super earth
Kepler-382 c,super earth
Kepler-383 b,super earth
Kepler-383 c,super earth
Kepler-384 b,super earth
Kepler-384 c,super earth
Kepler-1119 b,super earth
Kepler-111 b,super earth
Kepler-1120 b,super earth
Kepler-1121 b,super earth
Kepler-1122 b,super earth
Kepler-1123 b,super earth
Kepler-1124 b,super earth
Kepler-1125 b,super earth
Kepler-1126 b,super earth
Kepler-1127 b,super earth
Kepler-1131 b,super earth
Kepler-1133 b,super earth
Kepler-1135 b,super earth
Kepler-1136 b,super earth
Kepler-1138 b,super earth
Kepler-1139 b,super earth
Kepler-113 b,super earth
Kepler-1142 b,super earth
Kepler-1143 b,super earth
Kepler-1144 b,super earth
Kepler-1145 b,super earth
Kepler-1146 b,super earth
Kepler-1148 b,super earth
Kepler-1149 b,super earth
Kepler-114 b,super earth
Kepler-114 c,super earth
Kepler-1150 b,super earth
Kepler-1153 b,super earth
Kepler-1155 b,super earth
Kepler-1156 b,super earth
Kepler-1157 b,super earth
Kepler-115 b,super earth
Kepler-1163 b,super earth
Kepler-1164 b,super earth
Kepler-1165 b,super earth
Kepler-1166 b,super earth
Kepler-1167 b,super earth
Kepler-1174 b,super earth
Kepler-1177 b,super earth
Kepler-1178 b,super earth
Kepler-1179 b,super earth
Kepler-1180 b,super earth
Kepler-1181 b,super earth
Kepler-1185 b,super earth
Kepler-1188 b,super earth
Kepler-1189 b,super earth
Kepler-118 b,super earth
Kepler-1190 b,super earth
Kepler-1191 b,super earth
Kepler-285 c,super earth
Kepler-286 b,super earth
Kepler-286 c,super earth
Kepler-286 d,super earth
Kepler-286 e,super earth
Kepler-288 b,super earth
Kepler-289 b,super earth
Kepler-291 c,super earth
Kepler-292 b,super earth
Kepler-292 c,super earth
Kepler-294 b,super earth
Kepler-295 b,super earth
Kepler-295 c,super earth
Kepler-295 d,super earth
Kepler-296 b,super earth
Kepler-296 e,super earth
Kepler-296 f,super earth
Kepler-298 b,super earth
Kepler-298 c,super earth
Kepler-299 b,super earth
Kepler-299 d,super earth
Kepler-299 e,super earth
Kepler-300 b,super earth
Kepler-301 b,super earth
Kepler-301 c,super earth
Kepler-301 d,super earth
Kepler-303 c,super earth
Kepler-304 e,super earth
Kepler-305 e,super earth
Kepler-306 b,super earth
Kepler-309 b,super earth
Kepler-310 b,super earth
Kepler-310 d,super earth
Kepler-311 b,super earth
Kepler-311 c,super earth
Kepler-312 b,super earth
Kepler-316 b,super earth
Kepler-316 c,super earth
Kepler-317 b,super earth
Kepler-317 c,super earth
Kepler-319 b,super earth
Kepler-320 b,super earth
Kepler-320 c,super earth
Kepler-321 b,super earth
Kepler-322 b,super earth
Kepler-322 c,super earth
Kepler-323 b,super earth
Kepler-323 c,super earth
Kepler-324 b,super earth
Kepler-131 c,super earth
Kepler-1320 b,super earth
Kepler-1322 b,super earth
Kepler-1323 b,super earth
Kepler-1324 b,super earth
Kepler-1327 b,super earth
Kepler-132 b,super earth
Kepler-132 c,super earth
Kepler-132 d,super earth
Kepler-132 e,super earth
Kepler-1330 b,super earth
Kepler-1331 b,super earth
Kepler-1332 b,super earth
Kepler-1335 b,super earth
Kepler-1336 b,super earth
Kepler-1336 c,super earth
Kepler-133 b,super earth
Kepler-1340 b,super earth
Kepler-1342 b,super earth
Kepler-1343 b,super earth
Kepler-1344 b,super earth
Kepler-1346 b,super earth
Kepler-1347 b,super earth
Kepler-1348 b,super earth
Kepler-134 b,super earth
Kepler-134 c,super earth
Kepler-1350 c,super earth
Kepler-1353 b,super earth
Kepler-1355 b,super earth
Kepler-1356 b,super earth
Kepler-1357 b,super earth
Kepler-1358 b,super earth
Kepler-135 b,super earth
Kepler-135 c,super earth
Kepler-1363 b,super earth
Kepler-1366 b,super earth
Kepler-1368 b,super earth
Kepler-136 b,super earth
Kepler-136 c,super earth
Kepler-1370 b,super earth
Kepler-1370 c,super earth
Kepler-1372 b,super earth
Kepler-1373 b,super earth
Kepler-1375 b,super earth
Kepler-1376 b,super earth
Kepler-1377 b,super earth
Kepler-1379 b,super earth
Kepler-137 b,super earth
Kepler-137 c,super earth
Kepler-848 b,super earth
Kepler-84 b,super earth
Kepler-84 c,super earth
Kepler-84 d,super earth
Kepler-850 b,super earth
Kepler-851 b,super earth
Kepler-853 b,super earth
Kepler-85 b,super earth
Kepler-85 c,super earth
Kepler-85 d,super earth
Kepler-85 e,super earth
Kepler-866 b,super earth
Kepler-868 b,super earth
Kepler-872 b,super earth
Kepler-876 b,super earth
Kepler-878 b,super earth
Kepler-881 b,super earth
Kepler-882 b,super earth
Kepler-883 b,super earth
Kepler-884 b,super earth
Kepler-886 b,super earth
Kepler-887 b,super earth
Kepler-887 c,super earth
Kepler-888 b,super earth
Kepler-889 b,super earth
Kepler-895 b,super earth
Kepler-898 b,super earth
Kepler-900 b,super earth
Kepler-901 b,super earth
Kepler-903 b,super earth
Kepler-904 b,super earth
Kepler-905 b,super earth
Kepler-907 b,super earth
Kepler-908 b,super earth
Kepler-909 b,super earth
KOI-351 b,super earth
KOI-351 c,super earth
Kepler-90 i,super earth
Kepler-913 b,super earth
Kepler-914 b,super earth
Kepler-915 b,super earth
Kepler-916 b,super earth
Kepler-917 b,super earth
Kepler-918 b,super earth
Kepler-922 b,super earth
Kepler-923 b,super earth
Kepler-927 b,super earth
Kepler-928 b,super earth
Kepler-929 b,super earth
Kepler-1259 b,super earth
Kepler-1260 b,super earth
Kepler-1262 b,super earth
Kepler-1263 b,super earth
Kepler-1264 b,super earth
Kepler-1265 b,super earth
Kepler-1268 b,super earth
Kepler-1269 b,super earth
Kepler-126 b,super earth
Kepler-126 c,super earth
Kepler-1271 b,super earth
Kepler-1274 b,super earth
Kepler-1275 b,super earth
Kepler-1276 b,super earth
Kepler-1277 b,super earth
Kepler-1278 b,super earth
Kepler-1279 b,super earth
Kepler-127 b,super earth
Kepler-1280 b,super earth
Kepler-1281 b,super earth
Kepler-1282 b,super earth
Kepler-1283 b,super earth
Kepler-1284 b,super earth
Kepler-1287 b,super earth
Kepler-1288 b,super earth
Kepler-1289 b,super earth
Kepler-128 b,super earth
Kepler-128 c,super earth
Kepler-1290 b,super earth
Kepler-1291 b,super earth
Kepler-1292 b,super earth
Kepler-1295 b,super earth
Kepler-1298 b,super earth
Kepler-129 b,super earth
Kepler-1300 b,super earth
Kepler-1301 b,super earth
Kepler-1302 b,super earth
Kepler-1303 b,super earth
Kepler-1305 b,super earth
Kepler-1306 b,super earth
Kepler-130 b,super earth
Kepler-130 d,super earth
Kepler-1310 b,super earth
Kepler-1311 b,super earth
Kepler-1311 c,super earth
Kepler-1313 b,super earth
Kepler-1315 b,super earth
Kepler-1317 b,super earth
Kepler-1319 b,super earth
Kepler-326 c,super earth
Kepler-326 d,super earth
Kepler-327 b,super earth
Kepler-327 c,super earth
Kepler-327 d,super earth
Kepler-328 b,super earth
Kepler-329 b,super earth
Kepler-329 c,super earth
Kepler-32 e,super earth
Kepler-330 b,super earth
Kepler-330 c,super earth
Kepler-331 b,super earth
Kepler-331 c,super earth
Kepler-331 d,super earth
Kepler-332 b,super earth
Kepler-332 c,super earth
Kepler-332 d,super earth
Kepler-333 b,super earth
Kepler-333 c,super earth
Kepler-334 b,super earth
Kepler-334 c,super earth
Kepler-334 d,super earth
Kepler-336 b,super earth
Kepler-337 b,super earth
Kepler-337 c,super earth
Kepler-338 b,super earth
Kepler-338 e,super earth
Kepler-339 b,super earth
Kepler-339 c,super earth
Kepler-339 d,super earth
Kepler-33 b,super earth
Kepler-341 b,super earth
Kepler-341 c,super earth
Kepler-341 d,super earth
Kepler-341 e,super earth
Kepler-342 c,super earth
Kepler-343 c,super earth
Kepler-345 c,super earth
Kepler-347 b,super earth
Kepler-347 c,super earth
Kepler-348 b,super earth
Kepler-348 c,super earth
Kepler-349 b,super earth
Kepler-349 c,super earth
Kepler-350 b,super earth
Kepler-350 d,super earth
Kepler-352 c,super earth
Kepler-353 c,super earth
Kepler-354 b,super earth
OGLE-2013-BLG-0341L B b,super earth
OGLE-2016-BLG-1195L b,super earth
OGLE-2017-BLG-0173L b,super earth
OGLE-2017-BLG-1434L b,super earth
OGLE-2018-BLG-0677L b,super earth
Proxima Cen b,super earth
PSR B0329+54 b,super earth
PSR B1257+12 c,super earth
PSR B1257+12 d,super earth
Ross 128 b,super earth
tau Cet e,super earth
tau Cet f,super earth
tau Cet g,super earth
tau Cet h,super earth
Teegarden's Star b,super earth
Teegarden's Star c,super earth
TOI-1062 b,super earth
TOI-1235 b,super earth
TOI-1260 b,super earth
TOI-1266 b,super earth
TOI-1266 c,super earth
TOI-1444 b,super earth
TOI-1634 b,super earth
TOI-1685 b,super earth
TOI-1749 b,super earth
TOI-178 b,super earth
TOI-178 c,super earth
TOI-178 f,super earth
TOI-1807 b,super earth
TOI-2285 b,super earth
TOI-237 b,super earth
TOI-270 b,super earth
TOI-431 b,super earth
TOI-431 c,super earth
TOI-451 b,super earth
TOI-561 b,super earth
TOI-561 d,super earth
TOI-561 e,super earth
TOI-700 b,super earth
TOI-700 d,super earth
TOI-763 b,super earth
TOI-776 b,super earth
TOI-776 c,super earth
TOI-824 b,super earth
TRAPPIST-1 b,super earth
TRAPPIST-1 c,super earth
TRAPPIST-1 f,super earth
TRAPPIST-1 g,super earth
WASP-47 e,super earth
Kepler-931 b,super earth
Kepler-932 b,super earth
Kepler-934 b,super earth
Kepler-935 b,super earth
Kepler-936 b,super earth
Kepler-939 b,super earth
Kepler-93 b,super earth
Kepler-946 b,super earth
Kepler-948 b,super earth
Kepler-953 c,super earth
Kepler-958 b,super earth
Kepler-962 b,super earth
Kepler-968 b,super earth
Kepler-968 c,super earth
Kepler-969 b,super earth
Kepler-973 b,super earth
Kepler-974 b,super earth
Kepler-975 b,super earth
Kepler-97 b,super earth
Kepler-988 b,super earth
Kepler-990 c,super earth
Kepler-992 b,super earth
Kepler-994 b,super earth
Kepler-996 b,super earth
Kepler-997 b,super earth
Kepler-99 b,super earth
Kepler-9 d,super earth
KOI-1599.01,super earth
KOI-1599.02,super earth
KOI-1831 d,super earth
KOI-1833 d,super earth
KOI-3503 b,super earth
KOI-3503 c,super earth
L 168-9 b,super earth
L 98-59 c,super earth
L 98-59 d,super earth
L 98-59 e,super earth
LHS 1140 b,super earth
LHS 1140 c,super earth
LHS 1478 b,super earth
LHS 1678 c,super earth
LHS 1815 b,super earth
LHS 3844 b,super earth
LP 791-18 b,super earth
LTT 1445 A b,super earth
LTT 3780 b,super earth
LTT 3780 c,super earth
MOA-2007-BLG-192L b,super earth
Kepler-768 b,super earth
Kepler-769 c,super earth
Kepler-770 c,super earth
Kepler-770 d,super earth
Kepler-771 b,super earth
Kepler-772 b,super earth
Kepler-773 b,super earth
Kepler-775 b,super earth
Kepler-776 b,super earth
Kepler-777 b,super earth
Kepler-778 b,super earth
Kepler-784 b,super earth
Kepler-787 b,super earth
Kepler-78 b,super earth
Kepler-792 b,super earth
Kepler-793 b,super earth
Kepler-795 b,super earth
Kepler-796 b,super earth
Kepler-801 b,super earth
Kepler-804 b,super earth
Kepler-804 c,super earth
Kepler-806 b,super earth
Kepler-808 b,super earth
Kepler-80 d,super earth
Kepler-80 e,super earth
Kepler-80 f,super earth
Kepler-80 g,super earth
Kepler-810 b,super earth
Kepler-81 b,super earth
Kepler-81 d,super earth
Kepler-821 b,super earth
Kepler-822 b,super earth
Kepler-823 b,super earth
Kepler-824 b,super earth
Kepler-825 b,super earth
Kepler-825 c,super earth
Kepler-826 b,super earth
Kepler-828 b,super earth
Kepler-82 d,super earth
Kepler-830 b,super earth
Kepler-831 b,super earth
Kepler-832 b,super earth
Kepler-833 b,super earth
Kepler-834 b,super earth
Kepler-83 c,super earth
Kepler-83 d,super earth
Kepler-842 b,super earth
Kepler-844 b,super earth
Kepler-845 b,super earth
Wolf 1061 c,super earth
Wolf 503 b,super earth
YZ Cet d,super earth
Kepler-1528 b,super earth
Kepler-1530 b,super earth
Kepler-1530 c,super earth
Kepler-1531 b,super earth
Kepler-1532 b,super earth
Kepler-1534 b,super earth
Kepler-1537 b,super earth
Kepler-1541 b,super earth
Kepler-1544 b,super earth
Kepler-154 e,super earth
Kepler-154 f,super earth
Kepler-1553 b,super earth
Kepler-1555 b,super earth
Kepler-1556 b,super earth
Kepler-1557 b,super earth
Kepler-155 b,super earth
Kepler-1561 b,super earth
Kepler-1564 b,super earth
Kepler-1565 b,super earth
Kepler-1568 b,super earth
Kepler-1569 b,super earth
Kepler-1570 b,super earth
Kepler-1571 b,super earth
Kepler-1573 b,super earth
Kepler-1574 b,super earth
Kepler-1575 b,super earth
Kepler-1576 b,super earth
Kepler-1577 b,super earth
Kepler-1578 b,super earth
Kepler-157 b,super earth
Kepler-157 d,super earth
Kepler-1582 b,super earth
Kepler-1584 b,super earth
Kepler-1585 b,super earth
Kepler-1586 b,super earth
Kepler-1587 b,super earth
Kepler-1589 b,super earth
Kepler-158 c,super earth
Kepler-1590 b,super earth
Kepler-1591 b,super earth
Kepler-1592 b,super earth
Kepler-1594 b,super earth
Kepler-1595 b,super earth
Kepler-1596 b,super earth
Kepler-1597 b,super earth
Kepler-1599 b,super earth
Kepler-1602 b,super earth
Kepler-1603 b,super earth
Kepler-1604 b,super earth
Kepler-238 f,super earth
Kepler-23 d,super earth
Kepler-240 b,super earth
Kepler-240 c,super earth
Kepler-242 c,super earth
Kepler-243 c,super earth
Kepler-244 c,super earth
Kepler-244 d,super earth
Kepler-245 c,super earth
Kepler-245 e,super earth
Kepler-246 c,super earth
Kepler-247 b,super earth
Kepler-249 b,super earth
Kepler-249 c,super earth
Kepler-249 d,super earth
Kepler-24 d,super earth
Kepler-250 b,super earth
Kepler-251 b,super earth
Kepler-252 b,super earth
Kepler-253 b,super earth
Kepler-255 b,super earth
Kepler-255 d,super earth
Kepler-256 b,super earth
Kepler-260 b,super earth
Kepler-260 c,super earth
Kepler-261 c,super earth
Kepler-262 b,super earth
Kepler-262 c,super earth
Kepler-265 b,super earth
Kepler-267 b,super earth
Kepler-269 c,super earth
Kepler-26 d,super earth
Kepler-270 b,super earth
Kepler-270 c,super earth
Kepler-271 b,super earth
Kepler-272 b,super earth
Kepler-272 c,super earth
Kepler-273 b,super earth
Kepler-273 c,super earth
Kepler-274 b,super earth
Kepler-274 c,super earth
Kepler-276 c,super earth
Kepler-276 d,super earth
Kepler-280 b,super earth
Kepler-280 c,super earth
Kepler-282 b,super earth
Kepler-282 c,super earth
Kepler-282 d,super earth
Kepler-283 c,super earth
Kepler-1048 b,super earth
Kepler-104 b,super earth
Kepler-1050 b,super earth
Kepler-1050 c,super earth
Kepler-1055 b,super earth
Kepler-1059 b,super earth
Kepler-105 c,super earth
Kepler-1061 b,super earth
Kepler-1062 b,super earth
Kepler-1063 b,super earth
Kepler-1064 b,super earth
Kepler-1065 c,super earth
Kepler-1069 b,super earth
Kepler-106 c,super earth
Kepler-106 e,super earth
Kepler-1070 b,super earth
Kepler-1072 b,super earth
Kepler-1073 c,super earth
Kepler-1074 b,super earth
Kepler-1075 b,super earth
Kepler-1078 b,super earth
Kepler-1079 b,super earth
Kepler-107 b,super earth
Kepler-107 c,super earth
Kepler-107 d,super earth
Kepler-1081 b,super earth
Kepler-1082 b,super earth
Kepler-1084 b,super earth
Kepler-1088 b,super earth
Kepler-1089 b,super earth
Kepler-1091 b,super earth
Kepler-1092 b,super earth
Kepler-1093 b,super earth
Kepler-1093 c,super earth
Kepler-1095 b,super earth
Kepler-1096 b,super earth
Kepler-1098 b,super earth
Kepler-10 b,super earth
Kepler-10 c,super earth
Kepler-1100 b,super earth
Kepler-1104 b,super earth
Kepler-1105 b,super earth
Kepler-1106 b,super earth
Kepler-1107 b,super earth
Kepler-1108 b,super earth
Kepler-110 b,super earth
Kepler-1111 b,super earth
Kepler-1114 b,super earth
Kepler-1115 b,super earth
CD Cet b,super earth
CoRoT-7 b,super earth
DMPP-3 A b,super earth
EPIC 201170410.02,super earth
EPIC 201238110 b,super earth
EPIC 201427007 b,super earth
EPIC 201595106 b,super earth
EPIC 201615463 c,super earth
EPIC 201754305 d,super earth
EPIC 201841433 b,super earth
EPIC 205950854 c,super earth
EPIC 206024342 b,super earth
EPIC 206024342 c,super earth
EPIC 206032309 b,super earth
EPIC 206042996 b,super earth
EPIC 206042996 c,super earth
EPIC 211822797 b,super earth
EPIC 212297394 b,super earth
EPIC 212499991 b,super earth
EPIC 212587672 b,super earth
EPIC 212624936 b,super earth
EPIC 220554210 c,super earth
EPIC 220674823 b,super earth
EPIC 228836835 b,super earth
EPIC 249893012 b,super earth
G 264-012 b,super earth
G 264-012 c,super earth
GJ 1061 b,super earth
GJ 1061 c,super earth
GJ 1061 d,super earth
GJ 1132 b,super earth
GJ 1132 c,super earth
GJ 1151 b,super earth
GJ 1252 b,super earth
GJ 15 A b,super earth
GJ 3138 b,super earth
GJ 3138 c,super earth
GJ 3293 e,super earth
GJ 3323 b,super earth
GJ 3323 c,super earth
GJ 3473 b,super earth
Kepler-1450 b,super earth
Kepler-1454 b,super earth
Kepler-1456 b,super earth
Kepler-1457 b,super earth
Kepler-1459 b,super earth
Kepler-1460 b,super earth
Kepler-1461 b,super earth
Kepler-1463 b,super earth
Kepler-1464 b,super earth
Kepler-1465 b,super earth
Kepler-1466 b,super earth
Kepler-1468 b,super earth
Kepler-1468 c,super earth
Kepler-1470 b,super earth
Kepler-1471 b,super earth
Kepler-1472 b,super earth
Kepler-1473 b,super earth
Kepler-1476 b,super earth
Kepler-1477 b,super earth
Kepler-1478 b,super earth
Kepler-1479 b,super earth
Kepler-147 b,super earth
Kepler-1480 b,super earth
Kepler-1481 b,super earth
Kepler-1482 b,super earth
Kepler-1483 b,super earth
Kepler-1485 b,super earth
Kepler-1488 b,super earth
Kepler-1489 b,super earth
Kepler-148 b,super earth
Kepler-1491 b,super earth
Kepler-1492 b,super earth
Kepler-1493 b,super earth
Kepler-1497 b,super earth
Kepler-1498 b,super earth
Kepler-1499 b,super earth
Kepler-149 c,super earth
Kepler-1500 b,super earth
Kepler-1501 b,super earth
Kepler-1506 b,super earth
Kepler-1508 b,super earth
Kepler-1509 b,super earth
Kepler-150 b,super earth
Kepler-1511 b,super earth
Kepler-1512 b,super earth
Kepler-1514 c,super earth
Kepler-1516 b,super earth
Kepler-151 c,super earth
Kepler-1522 b,super earth
Kepler-60 b,super earth
Kepler-60 c,super earth
Kepler-611 b,super earth
Kepler-615 b,super earth
Kepler-617 b,super earth
Kepler-619 c,super earth
Kepler-625 b,super earth
Kepler-625 c,super earth
Kepler-629 b,super earth
Kepler-62 b,super earth
Kepler-62 e,super earth
Kepler-62 f,super earth
Kepler-633 b,super earth
Kepler-634 b,super earth
Kepler-638 b,super earth
Kepler-641 b,super earth
Kepler-646 b,super earth
Kepler-647 b,super earth
Kepler-653 b,super earth
Kepler-654 b,super earth
Kepler-658 b,super earth
Kepler-65 b,super earth
Kepler-65 d,super earth
Kepler-674 b,super earth
Kepler-683 b,super earth
Kepler-68 c,super earth
Kepler-691 b,super earth
Kepler-69 c,super earth
Kepler-707 b,super earth
Kepler-710 b,super earth
Kepler-716 c,super earth
Kepler-730 c,super earth
Kepler-732 c,super earth
Kepler-737 b,super earth
Kepler-743 b,super earth
Kepler-744 b,super earth
Kepler-746 b,super earth
Kepler-750 c,super earth
Kepler-753 b,super earth
Kepler-754 b,super earth
Kepler-755 b,super earth
Kepler-755 c,super earth
Kepler-756 b,super earth
Kepler-757 b,super earth
Kepler-758 c,super earth
Kepler-758 e,super earth
Kepler-760 c,super earth
Kepler-761 b,super earth
Kepler-763 b,super earth
K2-288 B b,super earth
Kepler-169 b,super earth
Kepler-169 c,super earth
Kepler-169 d,super earth
Kepler-1702 b,super earth
Kepler-171 d,super earth
Kepler-173 b,super earth
Kepler-174 b,super earth
Kepler-174 c,super earth
Kepler-176 b,super earth
Kepler-176 d,super earth
Kepler-176 e,super earth
Kepler-179 b,super earth
Kepler-179 c,super earth
Kepler-180 b,super earth
Kepler-181 b,super earth
Kepler-181 c,super earth
Kepler-183 b,super earth
Kepler-183 c,super earth
Kepler-184 c,super earth
Kepler-185 b,super earth
Kepler-185 c,super earth
Kepler-186 b,super earth
Kepler-186 c,super earth
Kepler-186 d,super earth
Kepler-186 e,super earth
Kepler-186 f,super earth
Kepler-187 b,super earth
Kepler-188 b,super earth
Kepler-189 b,super earth
Kepler-189 c,super earth
Kepler-18 b,super earth
Kepler-190 b,super earth
Kepler-190 c,super earth
Kepler-191 b,super earth
Kepler-191 c,super earth
Kepler-192 d,super earth
Kepler-194 b,super earth
Kepler-195 b,super earth
Kepler-195 c,super earth
Kepler-196 b,super earth
Kepler-197 b,super earth
Kepler-197 c,super earth
Kepler-197 d,super earth
Kepler-198 d,super earth
Kepler-19 b,super earth
Kepler-200 c,super earth
Kepler-202 b,super earth
Kepler-202 c,super earth
Kepler-203 c,super earth
Kepler-204 c,super earth
Kepler-205 b,super earth
Kepler-205 c,super earth
Kepler-206 b,super earth
Kepler-206 c,super earth
Kepler-206 d,super earth
Kepler-207 b,super earth
Kepler-207 c,super earth
Kepler-208 b,super earth
Kepler-208 c,super earth
Kepler-208 d,super earth
Kepler-208 e,super earth
Kepler-20 b,super earth
Kepler-20 f,super earth
Kepler-211 b,super earth
Kepler-211 c,super earth
Kepler-212 b,super earth
Kepler-213 b,super earth
Kepler-215 b,super earth
Kepler-215 c,super earth
Kepler-215 d,super earth
Kepler-215 e,super earth
Kepler-217 c,super earth
Kepler-217 d,super earth
Kepler-218 b,super earth
Kepler-219 d,super earth
Kepler-21 b,super earth
Kepler-220 c,super earth
Kepler-220 e,super earth
Kepler-221 b,super earth
Kepler-221 c,super earth
Kepler-224 b,super earth
Kepler-224 e,super earth
Kepler-225 b,super earth
Kepler-225 c,super earth
Kepler-226 b,super earth
Kepler-226 c,super earth
Kepler-226 d,super earth
Kepler-228 b,super earth
Kepler-22 b,super earth
Kepler-230 c,super earth
Kepler-231 b,super earth
Kepler-231 c,super earth
Kepler-235 c,super earth
Kepler-235 d,super earth
Kepler-236 b,super earth
Kepler-236 c,super earth
Kepler-237 b,super earth
Kepler-237 c,super earth
Kepler-1001 c,super earth
Kepler-1002 b,super earth
Kepler-1003 b,super earth
Kepler-1005 b,super earth
Kepler-1006 b,super earth
Kepler-1007 b,super earth
Kepler-1008 b,super earth
Kepler-100 b,super earth
Kepler-100 d,super earth
Kepler-1012 b,super earth
Kepler-1017 b,super earth
Kepler-1019 b,super earth
Kepler-101 c,super earth
Kepler-1025 b,super earth
Kepler-1028 b,super earth
Kepler-1029 b,super earth
Kepler-102 d,super earth
Kepler-102 e,super earth
Kepler-1032 b,super earth
Kepler-1035 b,super earth
Kepler-1037 b,super earth
Kepler-1039 b,super earth
Kepler-1040 b,super earth
Kepler-1046 b,super earth
Kepler-450 c,super earth
Kepler-450 d,super earth
Kepler-452 b,super earth
Kepler-466 c,super earth
Kepler-46 d,super earth
Kepler-477 b,super earth
Kepler-48 b,super earth
Kepler-48 c,super earth
Kepler-48 d,super earth
Kepler-49 b,super earth
Kepler-49 d,super earth
Kepler-49 e,super earth
Kepler-504 b,super earth
Kepler-507 b,super earth
Kepler-508 b,super earth
Kepler-50 b,super earth
Kepler-514 b,super earth
Kepler-515 b,super earth
Kepler-520 b,super earth
Kepler-520 c,super earth
Kepler-523 b,super earth
Kepler-524 b,super earth
Kepler-526 b,super earth
Kepler-528 b,super earth
Kepler-529 b,super earth
Kepler-529 c,super earth
Kepler-52 d,super earth
Kepler-537 b,super earth
Kepler-538 b,super earth
Kepler-542 b,super earth
Kepler-54 b,super earth
Kepler-54 c,super earth
Kepler-54 d,super earth
Kepler-55 b,super earth
Kepler-55 c,super earth
Kepler-55 d,super earth
Kepler-55 e,super earth
Kepler-55 f,super earth
Kepler-560 b,super earth
Kepler-578 b,super earth
Kepler-579 b,super earth
Kepler-57 c,super earth
Kepler-595 c,super earth
Kepler-598 b,super earth
Kepler-59 b,super earth
Kepler-59 c,super earth
Kepler-601 b,super earth
Kepler-602 b,super earth
Kepler-603 d,super earth
Kepler-1194 b,super earth
Kepler-1195 b,super earth
Kepler-1197 b,super earth
Kepler-1198 b,super earth
Kepler-1199 b,super earth
Kepler-1200 b,super earth
Kepler-1203 b,super earth
Kepler-1205 b,super earth
Kepler-1206 b,super earth
Kepler-1207 b,super earth
Kepler-1209 b,super earth
Kepler-120 b,super earth
Kepler-120 c,super earth
Kepler-1210 b,super earth
Kepler-1213 b,super earth
Kepler-1215 b,super earth
Kepler-1216 b,super earth
Kepler-1217 b,super earth
Kepler-1218 b,super earth
Kepler-1220 b,super earth
Kepler-1221 b,super earth
Kepler-1223 b,super earth
Kepler-1224 b,super earth
Kepler-1225 b,super earth
Kepler-1226 b,super earth
Kepler-1228 b,super earth
Kepler-1229 b,super earth
Kepler-122 f,super earth
Kepler-1231 b,super earth
Kepler-1232 b,super earth
Kepler-1238 b,super earth
Kepler-123 c,super earth
Kepler-1240 b,super earth
Kepler-1243 b,super earth
Kepler-1244 b,super earth
Kepler-1245 b,super earth
Kepler-1245 c,super earth
Kepler-1246 b,super earth
Kepler-1248 b,super earth
Kepler-124 c,super earth
Kepler-124 d,super earth
Kepler-1250 b,super earth
Kepler-1251 b,super earth
Kepler-1252 b,super earth
Kepler-1253 b,super earth
Kepler-1254 b,super earth
Kepler-1254 c,super earth
Kepler-1254 d,super earth
Kepler-1256 b,super earth
Kepler-1611 b,terrestrial
Kepler-1619 b,terrestrial
Kepler-1629 b,terrestrial
Kepler-1637 b,terrestrial
Kepler-1650 b,terrestrial
Kepler-1689 b,terrestrial
Kepler-197 e,terrestrial
Kepler-20 e,terrestrial
Kepler-220 b,terrestrial
Kepler-220 d,terrestrial
Kepler-271 c,terrestrial
Kepler-271 d,terrestrial
Kepler-303 b,terrestrial
Kepler-314 b,terrestrial
Kepler-32 f,terrestrial
Kepler-33 c,terrestrial
Kepler-342 e,terrestrial
Kepler-345 b,terrestrial
Kepler-352 b,terrestrial
Kepler-353 b,terrestrial
Kepler-362 b,terrestrial
Kepler-378 b,terrestrial
Kepler-378 c,terrestrial
Kepler-37 c,terrestrial
Kepler-37 e,terrestrial
Kepler-381 b,terrestrial
Kepler-387 c,terrestrial
Kepler-388 b,terrestrial
Kepler-388 c,terrestrial
Kepler-390 b,terrestrial
Kepler-390 c,terrestrial
Kepler-392 b,terrestrial
Kepler-398 b,terrestrial
Kepler-398 d,terrestrial
Kepler-399 b,terrestrial
Kepler-408 b,terrestrial
Kepler-42 b,terrestrial
Kepler-42 c,terrestrial
Kepler-42 d,terrestrial
Kepler-431 b,terrestrial
Kepler-431 c,terrestrial
Kepler-444 b,terrestrial
Kepler-444 c,terrestrial
Kepler-444 d,terrestrial
Kepler-444 e,terrestrial
Kepler-444 f,terrestrial
Kepler-524 c,terrestrial
Kepler-605 c,terrestrial
Kepler-607 b,terrestrial
Kepler-1349 b,terrestrial
Kepler-1351 b,terrestrial
Kepler-1352 b,terrestrial
Kepler-1361 b,terrestrial
Kepler-1365 b,terrestrial
Kepler-1365 c,terrestrial
Kepler-1367 b,terrestrial
Kepler-1371 b,terrestrial
Kepler-1371 c,terrestrial
Kepler-1385 b,terrestrial
Kepler-1387 b,terrestrial
Kepler-138 b,terrestrial
Kepler-1393 b,terrestrial
Kepler-1395 b,terrestrial
Kepler-1398 b,terrestrial
Kepler-1402 b,terrestrial
Kepler-1408 b,terrestrial
Kepler-1412 b,terrestrial
Kepler-1416 b,terrestrial
Kepler-1417 b,terrestrial
Kepler-141 b,terrestrial
Kepler-1421 b,terrestrial
Kepler-1425 b,terrestrial
Kepler-1435 b,terrestrial
Kepler-1438 b,terrestrial
Kepler-1443 b,terrestrial
Kepler-1445 b,terrestrial
Kepler-1446 b,terrestrial
Kepler-1464 c,terrestrial
Kepler-1505 b,terrestrial
Kepler-1507 b,terrestrial
Kepler-1525 b,terrestrial
Kepler-1542 b,terrestrial
Kepler-1542 c,terrestrial
Kepler-1542 d,terrestrial
Kepler-1542 e,terrestrial
Kepler-1547 b,terrestrial
Kepler-1558 b,terrestrial
Kepler-1559 b,terrestrial
Kepler-1560 b,terrestrial
Kepler-1563 b,terrestrial
Kepler-1566 b,terrestrial
Kepler-1572 b,terrestrial
Kepler-1579 b,terrestrial
Kepler-1581 b,terrestrial
Kepler-1583 b,terrestrial
Kepler-1588 b,terrestrial
Kepler-1598 b,terrestrial
Kepler-1601 b,terrestrial
EPIC 201757695.02,terrestrial
EPIC 201833600 c,terrestrial
EPIC 206215704 b,terrestrial
EPIC 206317286 b,terrestrial
EPIC 220492298 b,terrestrial
Kepler-1027 b,terrestrial
Kepler-102 b,terrestrial
Kepler-102 c,terrestrial
Kepler-102 f,terrestrial
Kepler-1031 b,terrestrial
Kepler-1047 c,terrestrial
Kepler-1049 b,terrestrial
Kepler-1053 b,terrestrial
Kepler-1067 b,terrestrial
Kepler-106 b,terrestrial
Kepler-106 d,terrestrial
Kepler-1076 b,terrestrial
Kepler-1087 b,terrestrial
Kepler-1130 b,terrestrial
Kepler-1141 b,terrestrial
Kepler-1152 b,terrestrial
Kepler-1169 b,terrestrial
Kepler-1173 b,terrestrial
Kepler-119 c,terrestrial
Kepler-11 b,terrestrial
Kepler-1222 b,terrestrial
Kepler-1235 b,terrestrial
Kepler-124 b,terrestrial
Kepler-1258 b,terrestrial
Kepler-125 c,terrestrial
Kepler-1285 b,terrestrial
Kepler-1293 b,terrestrial
Kepler-1296 b,terrestrial
Kepler-1297 b,terrestrial
Kepler-1308 b,terrestrial
Kepler-1328 b,terrestrial
Kepler-1338 b,terrestrial
Kepler-653 c,terrestrial
Kepler-779 b,terrestrial
Kepler-780 b,terrestrial
Kepler-783 b,terrestrial
Kepler-910 b,terrestrial
Kepler-969 c,terrestrial
L 98-59 b,terrestrial
LHS 1678 b,terrestrial
PSR B1257+12 b,terrestrial
TOI-540 b,terrestrial
TRAPPIST-1 d,terrestrial
TRAPPIST-1 e,terrestrial
TRAPPIST-1 h,terrestrial
YZ Cet b,terrestrial
YZ Cet c,terrestrial
KIC 10001893 c,unkown
KIC 10001893 d,unkown
LkCa 15 b,unkown
LkCa 15 c,unkown
